train_loss_epoch,train_acc_epoch,train_acc_top5_epoch,epoch,step,lr,train_DIV_LOSS,train_esemble_loss,train_max_cosine,train_min_cosine,train_avg_cosine,train_loss_step,train_acc_step,train_acc_top5_step,val_DIV_LOSS,val_esemble_loss,val_max_cosine,val_min_cosine,val_avg_cosine,val_loss,val_acc,val_acc_top5,val_ece,test_DIV_LOSS,test_esemble_loss,test_max_cosine,test_min_cosine,test_avg_cosine,test_loss,test_acc,test_acc_top5,test_ece
5.574136257171631,0.005050505045801401,0.018939394503831863,0,32,,,,,,,,,,,,,,,,,,,,,,,,,,,
,,,1,49,0.014700000174343586,13.127492904663086,4.603754997253418,0.993538498878479,0.9898725152015686,0.9917201995849609,5.643857955932617,0.0,0.0,,,,,,,,,,,,,,,,,,
5.481923580169678,0.007575757801532745,0.02904040366411209,1,65,,,,,,,,,,,,,,,,,,,,,,,,,,,
5.173533916473389,0.008838383480906487,0.047979798167943954,2,98,,,,,,,,,,,,,,,,,,,,,,,,,,,
,,,3,99,0.02969999983906746,11.106101989746094,4.6037774085998535,0.9861819744110107,0.9810014367103577,0.9834697246551514,5.154375076293945,0.0,0.0,,,,,,,,,,,,,,,,,,
,,,3,99,,,,,,,,,,10.160979270935059,4.60382080078125,0.9811320304870605,0.9752616882324219,0.97734534740448,4.8316874504089355,0.019999999552965164,0.10000000149011612,0.02229633554816246,10.156044006347656,4.603797435760498,0.9811924695968628,0.9750121831893921,0.9775097370147705,4.827548027038574,0.018984798341989517,0.0840827077627182,0.022062867879867554
4.5949811935424805,0.016414141282439232,0.06628787517547607,3,131,,,,,,,,,,,,,,,,,,,,,,,,,,,
,,,4,149,0.04470000043511391,7.062136650085449,4.6032280921936035,0.9462578892707825,0.9310303330421448,0.9346558451652527,4.176703453063965,0.0,0.0,,,,,,,,,,,,,,,,,,
4.042856693267822,0.030934343114495277,0.10984848439693451,4,164,,,,,,,,,,,,,,,,,,,,,,,,,,,
3.5799777507781982,0.04734848439693451,0.15593434870243073,5,197,,,,,,,,,,,,,,,,,,,,,,,,,,,
,,,6,199,0.059700001031160355,4.80772590637207,4.601022720336914,0.8721264004707336,0.8467321395874023,0.8554423451423645,3.5555949211120605,0.0,0.0,,,,,,,,,,,,,,,,,,
,,,6,199,,,,,,,,,,5.0295867919921875,4.601266384124756,0.8845750689506531,0.8653280735015869,0.8682329654693604,3.505396842956543,0.09000000357627869,0.25999999046325684,0.08383998274803162,5.061394214630127,4.601393699645996,0.8862572312355042,0.8657667636871338,0.8710237145423889,3.511474847793579,0.0976218432188034,0.25919264554977417,0.08767785876989365
3.1955575942993164,0.06691919267177582,0.20328283309936523,6,230,,,,,,,,,,,,,,,,,,,,,,,,,,,
,,,7,249,0.0746999979019165,2.179149627685547,4.577743053436279,0.709486722946167,0.5718342661857605,0.6306219696998596,2.810807943344116,0.0,0.125,,,,,,,,,,,,,,,,,,
2.8444433212280273,0.06565656512975693,0.25063130259513855,7,263,,,,,,,,,,,,,,,,,,,,,,,,,,,
2.5803210735321045,0.041035354137420654,0.26325756311416626,8,296,,,,,,,,,,,,,,,,,,,,,,,,,,,
,,,9,299,0.08969999849796295,1.2292249202728271,4.518186569213867,0.560577929019928,0.3369569480419159,0.45056265592575073,2.542909622192383,0.0416666679084301,0.3333333432674408,,,,,,,,,,,,,,,,,,
,,,9,299,,,,,,,,,,1.5590895414352417,4.543126583099365,0.6381042003631592,0.4264726936817169,0.5199492573738098,2.5924746990203857,0.07000000029802322,0.3199999928474426,0.05848490819334984,1.5611038208007812,4.547220230102539,0.6418161988258362,0.4289301633834839,0.5255932211875916,2.5947229862213135,0.058503177016973495,0.28517186641693115,0.049777448177337646
2.455693244934082,0.05239899083971977,0.27272728085517883,9,329,,,,,,,,,,,,,,,,,,,,,,,,,,,
,,,10,349,0.1046999990940094,0.43572649359703064,4.389736175537109,0.3028586506843567,0.15572552382946014,0.2509712874889374,2.298283100128174,0.125,0.4166666567325592,,,,,,,,,,,,,,,,,,
2.3628385066986084,0.09217171370983124,0.32133838534355164,10,362,,,,,,,,,,,,,,,,,,,,,,,,,,,
2.3093698024749756,0.13952019810676575,0.36868685483932495,11,395,,,,,,,,,,,,,,,,,,,,,,,,,,,
,,,12,399,0.11969999969005585,0.2866465449333191,4.334869384765625,0.26521801948547363,0.1424257904291153,0.2013285905122757,2.4053664207458496,0.125,0.1666666716337204,,,,,,,,,,,,,,,,,,
,,,12,399,,,,,,,,,,0.7664394378662109,4.492425918579102,0.4246545135974884,0.28635287284851074,0.36331871151924133,2.3190979957580566,0.1899999976158142,0.4099999964237213,0.17427188158035278,0.7561804056167603,4.498151779174805,0.4278850555419922,0.289168119430542,0.36530783772468567,2.31994366645813,0.18720027804374695,0.4158173203468323,0.17180851101875305
2.252732038497925,0.21085858345031738,0.43686869740486145,12,428,,,,,,,,,,,,,,,,,,,,,,,,,,,
,,,13,449,0.1347000002861023,0.37928152084350586,4.452443599700928,0.31355953216552734,0.1971268504858017,0.2577395439147949,2.2261030673980713,0.1666666716337204,0.5,,,,,,,,,,,,,,,,,,
2.1747467517852783,0.2790403962135315,0.5309343338012695,13,461,,,,,,,,,,,,,,,,,,,,,,,,,,,
2.119011640548706,0.3219696879386902,0.5928030014038086,14,494,,,,,,,,,,,,,,,,,,,,,,,,,,,
,,,15,499,0.14970000088214874,0.33034420013427734,4.423895359039307,0.27135032415390015,0.17426106333732605,0.23124541342258453,2.1746156215667725,0.25,0.4166666567325592,,,,,,,,,,,,,,,,,,
,,,15,499,,,,,,,,,,0.5735148191452026,4.483867645263672,0.3605439066886902,0.26554203033447266,0.3210553228855133,2.1524136066436768,0.3050000071525574,0.6000000238418579,0.2874520719051361,0.563353955745697,4.487995147705078,0.3552669584751129,0.26798391342163086,0.3209680914878845,2.152116537094116,0.32294169068336487,0.5949239134788513,0.30548420548439026
2.074887990951538,0.34090909361839294,0.6180555820465088,15,527,,,,,,,,,,,,,,,,,,,,,,,,,,,
,,,16,549,0.14999449253082275,0.33215898275375366,4.452037811279297,0.28680264949798584,0.22127050161361694,0.2464497685432434,1.941603183746338,0.2916666567325592,0.75,,,,,,,,,,,,,,,,,,
2.0052826404571533,0.35606059432029724,0.6571969985961914,16,560,,,,,,,,,,,,,,,,,,,,,,,,,,,
1.9404850006103516,0.40909090638160706,0.6957070827484131,17,593,,,,,,,,,,,,,,,,,,,,,,,,,,,
,,,18,599,0.14997750520706177,0.3042323589324951,4.434331893920898,0.23951596021652222,0.1712748259305954,0.22736473381519318,1.915036678314209,0.4166666567325592,0.7083333134651184,,,,,,,,,,,,,,,,,,
,,,18,599,,,,,,,,,,0.476037859916687,4.474432468414307,0.3255089819431305,0.25513923168182373,0.29586195945739746,2.0033552646636963,0.35499998927116394,0.6650000214576721,0.33410194516181946,0.46637192368507385,4.477329254150391,0.32011672854423523,0.25123172998428345,0.29456543922424316,2.0026416778564453,0.37539973855018616,0.6616705060005188,0.35449710488319397
1.889214277267456,0.41477271914482117,0.7083333134651184,18,626,,,,,,,,,,,,,,,,,,,,,,,,,,,
,,,19,649,0.1499490588903427,0.18561606109142303,4.396782875061035,0.17863959074020386,0.14117690920829773,0.17622599005699158,2.0349950790405273,0.25,0.4583333432674408,,,,,,,,,,,,,,,,,,
1.82405686378479,0.4545454680919647,0.7405303120613098,19,659,,,,,,,,,,,,,,,,,,,,,,,,,,,
1.7686818838119507,0.4539141356945038,0.754419207572937,20,692,,,,,,,,,,,,,,,,,,,,,,,,,,,
,,,21,699,0.1499091535806656,0.18261492252349854,4.396649360656738,0.20044484734535217,0.15534259378910065,0.17794856429100037,1.7335081100463867,0.5416666865348816,0.6666666865348816,,,,,,,,,,,,,,,,,,
,,,21,699,,,,,,,,,,0.4035913050174713,4.4578537940979,0.2999931573867798,0.23676200211048126,0.2729784846305847,1.8643393516540527,0.38999998569488525,0.7149999737739563,0.3649127185344696,0.39442700147628784,4.460348129272461,0.29410499334335327,0.23247961699962616,0.2710612416267395,1.8656299114227295,0.39853107929229736,0.688599169254303,0.3733031153678894
1.7286617755889893,0.4343434274196625,0.7411616444587708,21,725,,,,,,,,,,,,,,,,,,,,,,,,,,,
,,,22,749,0.1498577743768692,0.27054011821746826,4.431283473968506,0.2442876696586609,0.17209792137145996,0.2209392637014389,1.7766273021697998,0.5416666865348816,0.7083333134651184,,,,,,,,,,,,,,,,,,
1.6830754280090332,0.45075756311416626,0.7367424368858337,22,758,,,,,,,,,,,,,,,,,,,,,,,,,,,
1.6289691925048828,0.45075756311416626,0.7619949579238892,23,791,,,,,,,,,,,,,,,,,,,,,,,,,,,
,,,24,799,0.14979495108127594,0.2394062727689743,4.421145439147949,0.22807015478610992,0.1786181926727295,0.20849420130252838,1.7958440780639648,0.3333333432674408,0.6666666865348816,,,,,,,,,,,,,,,,,,
,,,24,799,,,,,,,,,,0.3728198707103729,4.4457831382751465,0.2901325225830078,0.22959142923355103,0.2634241580963135,1.7442677021026611,0.4050000011920929,0.7200000286102295,0.37539005279541016,0.36340466141700745,4.447576522827148,0.2829890847206116,0.22502048313617706,0.260947048664093,1.74357008934021,0.41811561584472656,0.7080337405204773,0.3883959650993347
1.5830357074737549,0.4766414165496826,0.7752525210380554,24,824,,,,,,,,,,,,,,,,,,,,,,,,,,,
,,,25,849,0.1497206836938858,0.27441486716270447,4.430444240570068,0.25824838876724243,0.18519806861877441,0.22690454125404358,1.6598243713378906,0.4583333432674408,0.5833333134651184,,,,,,,,,,,,,,,,,,
1.5291320085525513,0.48674243688583374,0.7853535413742065,25,857,,,,,,,,,,,,,,,,,,,,,,,,,,,
1.4832651615142822,0.4804292917251587,0.7973484992980957,26,890,,,,,,,,,,,,,,,,,,,,,,,,,,,
,,,27,899,0.14963498711585999,0.20182417333126068,4.398329734802246,0.22264055907726288,0.16271086037158966,0.19398342072963715,1.4368696212768555,0.5416666865348816,0.7916666865348816,,,,,,,,,,,,,,,,,,
,,,27,899,,,,,,,,,,0.33954936265945435,4.428110122680664,0.2781617045402527,0.21702055633068085,0.25153806805610657,1.6260021924972534,0.42500001192092896,0.7450000047683716,0.39177405834198,0.3298599421977997,4.429306507110596,0.26997411251068115,0.21413791179656982,0.2485935091972351,1.6263840198516846,0.4333033859729767,0.7234211564064026,0.398223340511322
1.431777834892273,0.5119949579238892,0.7986111044883728,27,923,,,,,,,,,,,,,,,,,,,,,,,,,,,
,,,28,949,0.1495378613471985,0.1937304139137268,4.378578186035156,0.20183667540550232,0.15894444286823273,0.18716120719909668,1.369025468826294,0.5833333134651184,0.8333333134651184,,,,,,,,,,,,,,,,,,
1.3896838426589966,0.5233585834503174,0.8005050420761108,28,956,,,,,,,,,,,,,,,,,,,,,,,,,,,
1.3465648889541626,0.5145202279090881,0.814393937587738,29,989,,,,,,,,,,,,,,,,,,,,,,,,,,,
,,,30,999,0.1494293510913849,0.1811448186635971,4.381031036376953,0.19514557719230652,0.1505785882472992,0.18217816948890686,1.519953727722168,0.3333333432674408,0.75,,,,,,,,,,,,,,,,,,
,,,30,999,,,,,,,,,,0.31440532207489014,4.409979343414307,0.2660854458808899,0.2096499800682068,0.24208411574363708,1.5140273571014404,0.44999998807907104,0.7599999904632568,0.4115988612174988,0.3051786422729492,4.410359859466553,0.2594541013240814,0.20575439929962158,0.2389913946390152,1.5170059204101562,0.4511890709400177,0.7393085956573486,0.4103562533855438
1.3148729801177979,0.5037878751754761,0.8087121248245239,30,1022,,,,,,,,,,,,,,,,,,,,,,,,,,,
,,,31,1049,0.149309441447258,0.2080063819885254,4.369551658630371,0.22560656070709229,0.17896156013011932,0.19629138708114624,1.2468104362487793,0.5416666865348816,0.8333333134651184,,,,,,,,,,,,,,,,,,
1.2809772491455078,0.502525269985199,0.8162878751754761,31,1055,,,,,,,,,,,,,,,,,,,,,,,,,,,
1.245159387588501,0.5233585834503174,0.8131313323974609,32,1088,,,,,,,,,,,,,,,,,,,,,,,,,,,
,,,33,1099,0.1491781622171402,0.20677995681762695,4.366258144378662,0.21305546164512634,0.1729407161474228,0.19711728394031525,1.0279629230499268,0.6666666865348816,0.9583333134651184,,,,,,,,,,,,,,,,,,
,,,33,1099,,,,,,,,,,0.29992055892944336,4.392347812652588,0.26115575432777405,0.20640654861927032,0.23653832077980042,1.40968656539917,0.47999998927116394,0.7699999809265137,0.43557438254356384,0.29115402698516846,4.392129421234131,0.25375744700431824,0.2007901817560196,0.23343175649642944,1.4154744148254395,0.4693745970726013,0.7495502233505249,0.4223172962665558
1.2032743692398071,0.5467171669006348,0.7998737096786499,33,1121,,,,,,,,,,,,,,,,,,,,,,,,,,,
,,,34,1149,0.14903554320335388,0.18682551383972168,4.348818778991699,0.2224205732345581,0.16368037462234497,0.1829836517572403,1.2423832416534424,0.5416666865348816,0.75,,,,,,,,,,,,,,,,,,
1.1537253856658936,0.5435606241226196,0.8358585834503174,34,1154,,,,,,,,,,,,,,,,,,,,,,,,,,,
1.1115727424621582,0.5675504803657532,0.8207070827484131,35,1187,,,,,,,,,,,,,,,,,,,,,,,,,,,
,,,36,1199,0.14888159930706024,0.17793667316436768,4.313986778259277,0.20628997683525085,0.1542774736881256,0.18168394267559052,0.9376039505004883,0.6666666865348816,0.9166666865348816,,,,,,,,,,,,,,,,,,
,,,36,1199,,,,,,,,,,0.2851357161998749,4.370431423187256,0.2538192570209503,0.2019137591123581,0.23035763204097748,1.3086434602737427,0.49000000953674316,0.7799999713897705,0.4388473629951477,0.2766944169998169,4.369408130645752,0.24640770256519318,0.19475911557674408,0.22713205218315125,1.3166084289550781,0.4798162877559662,0.7620399594306946,0.42546260356903076
1.0725257396697998,0.5631313323974609,0.8472222089767456,36,1220,,,,,,,,,,,,,,,,,,,,,,,,,,,
,,,37,1249,0.14871636033058167,0.16938214004039764,4.33909273147583,0.20536401867866516,0.15073639154434204,0.17885267734527588,1.4402272701263428,0.2916666567325592,0.625,,,,,,,,,,,,,,,,,,
1.0516993999481201,0.556186854839325,0.8295454382896423,37,1253,,,,,,,,,,,,,,,,,,,,,,,,,,,
0.9993739128112793,0.5801767706871033,0.8327020406723022,38,1286,,,,,,,,,,,,,,,,,,,,,,,,,,,
,,,39,1299,0.14853982627391815,0.20004521310329437,4.354872703552246,0.21988502144813538,0.16327202320098877,0.19327616691589355,1.4850883483886719,0.4166666567325592,0.625,,,,,,,,,,,,,,,,,,
,,,39,1299,,,,,,,,,,0.2677361071109772,4.3453264236450195,0.24314838647842407,0.19618675112724304,0.22266900539398193,1.20906400680542,0.5049999952316284,0.7900000214576721,0.4482516944408417,0.26026883721351624,4.34370231628418,0.23842866718769073,0.18700367212295532,0.21952489018440247,1.219847559928894,0.49500390887260437,0.7727314233779907,0.4332261085510254
0.9775407314300537,0.565025269985199,0.8434343338012695,39,1319,,,,,,,,,,,,,,,,,,,,,,,,,,,
,,,40,1349,0.14835205674171448,0.213765487074852,4.240111351013184,0.2268335074186325,0.1658376008272171,0.19376248121261597,0.5476899147033691,0.7916666865348816,0.9166666865348816,,,,,,,,,,,,,,,,,,
0.9293460845947266,0.5744949579238892,0.8472222089767456,40,1352,,,,,,,,,,,,,,,,,,,,,,,,,,,
0.8966119885444641,0.5814393758773804,0.8522727489471436,41,1385,,,,,,,,,,,,,,,,,,,,,,,,,,,
,,,42,1399,0.14815306663513184,0.2151908576488495,4.291561603546143,0.23410379886627197,0.17113202810287476,0.20226550102233887,0.7749841213226318,0.5,0.9166666865348816,,,,,,,,,,,,,,,,,,
,,,42,1399,,,,,,,,,,0.26423925161361694,4.3221659660339355,0.2410210818052292,0.19267728924751282,0.2208719402551651,1.1102356910705566,0.5400000214576721,0.7950000166893005,0.4738108813762665,0.25683537125587463,4.32028865814209,0.23666425049304962,0.18378430604934692,0.21758581697940826,1.1246709823608398,0.5134390592575073,0.7845221757888794,0.44331327080726624
0.8364392518997192,0.6111111044883728,0.8756313323974609,42,1418,,,,,,,,,,,,,,,,,,,,,,,,,,,
,,,43,1449,0.14794287085533142,0.22183158993721008,4.279508590698242,0.21035724878311157,0.16014248132705688,0.19886401295661926,0.9512627124786377,0.5,0.7916666865348816,,,,,,,,,,,,,,,,,,
0.8158498406410217,0.6136363744735718,0.8661616444587708,43,1451,,,,,,,,,,,,,,,,,,,,,,,,,,,
0.7786954045295715,0.6237373948097229,0.8756313323974609,44,1484,,,,,,,,,,,,,,,,,,,,,,,,,,,
,,,45,1499,0.147721529006958,0.17941853404045105,4.296287536621094,0.19742131233215332,0.14754681289196014,0.18013133108615875,1.2350726127624512,0.2916666567325592,0.7083333134651184,,,,,,,,,,,,,,,,,,
,,,45,1499,,,,,,,,,,0.2567528486251831,4.295044422149658,0.23815228044986725,0.18650953471660614,0.21705520153045654,1.0074766874313354,0.5699999928474426,0.800000011920929,0.494378924369812,0.2509528398513794,4.292925834655762,0.2326403260231018,0.17926034331321716,0.21405264735221863,1.0277968645095825,0.5291765332221985,0.7990608215332031,0.45009392499923706
0.7404887676239014,0.6123737096786499,0.8661616444587708,45,1517,,,,,,,,,,,,,,,,,,,,,,,,,,,
,,,46,1549,0.1474890559911728,0.17293624579906464,4.219693660736084,0.20363333821296692,0.14843764901161194,0.1795734167098999,0.4984879493713379,0.75,0.9166666865348816,,,,,,,,,,,,,,,,,,
0.6873693466186523,0.6148989796638489,0.8800504803657532,46,1550,,,,,,,,,,,,,,,,,,,,,,,,,,,
0.6755384206771851,0.6502525210380554,0.868686854839325,47,1583,,,,,,,,,,,,,,,,,,,,,,,,,,,
,,,48,1599,0.14724549651145935,0.1769474446773529,4.209468364715576,0.1810978502035141,0.14082598686218262,0.17646382749080658,0.8298368453979492,0.5416666865348816,0.9166666865348816,,,,,,,,,,,,,,,,,,
,,,48,1599,,,,,,,,,,0.2545332610607147,4.266383171081543,0.23717208206653595,0.18348859250545502,0.21540634334087372,0.9088392853736877,0.5799999833106995,0.8100000023841858,0.4960140585899353,0.24940428137779236,4.263614177703857,0.23084379732608795,0.17617371678352356,0.21231448650360107,0.9327822327613831,0.5445642471313477,0.810451865196228,0.4555390477180481
0.6579731106758118,0.6388888955116272,0.8743686676025391,48,1616,,,,,,,,,,,,,,,,,,,,,,,,,,,
,,,49,1649,0.14699089527130127,0.14087845385074615,4.100954055786133,0.18400084972381592,0.13270610570907593,0.15898719429969788,0.12623834609985352,0.8333333134651184,1.0,,,,,,,,,,,,,,,,,,
0.5955014824867249,0.6603535413742065,0.8869949579238892,49,1649,,,,,,,,,,,,,,,,,,,,,,,,,,,
0.5934648513793945,0.6306818127632141,0.868686854839325,50,1682,,,,,,,,,,,,,,,,,,,,,,,,,,,
,,,51,1699,0.14672526717185974,0.15623731911182404,4.226628303527832,0.19322699308395386,0.12311336398124695,0.16549032926559448,0.5766212940216064,0.6666666865348816,0.9166666865348816,,,,,,,,,,,,,,,,,,
,,,51,1699,,,,,,,,,,0.2503235340118408,4.233401775360107,0.23119325935840607,0.17950716614723206,0.21217109262943268,0.8141165971755981,0.6000000238418579,0.8199999928474426,0.5022932291030884,0.2462603747844696,4.231492042541504,0.2268943190574646,0.17187145352363586,0.20940183103084564,0.8408222794532776,0.5591525435447693,0.8222424387931824,0.45861515402793884
0.5534719824790955,0.6414141654968262,0.8737373948097229,51,1715,,,,,,,,,,,,,,,,,,,,,,,,,,,
0.5278588533401489,0.6546717286109924,0.870580792427063,52,1748,,,,,,,,,,,,,,,,,,,,,,,,,,,
,,,53,1749,0.14644867181777954,0.17339536547660828,4.189682483673096,0.20128671824932098,0.14507821202278137,0.17682600021362305,0.6383841037750244,0.6666666865348816,0.8333333134651184,,,,,,,,,,,,,,,,,,
0.5061957240104675,0.6527777910232544,0.8838383555412292,53,1781,,,,,,,,,,,,,,,,,,,,,,,,,,,
,,,54,1799,0.14616113901138306,0.2014792561531067,4.184920310974121,0.21884429454803467,0.14191189408302307,0.18956251442432404,0.7444515228271484,0.5416666865348816,0.875,,,,,,,,,,,,,,,,,,
,,,54,1799,,,,,,,,,,0.24445457756519318,4.198902606964111,0.22364644706249237,0.17228944599628448,0.20793640613555908,0.7257047891616821,0.6000000238418579,0.8450000286102295,0.4901103675365448,0.23949666321277618,4.197007179260254,0.22167904675006866,0.1656412035226822,0.20455045998096466,0.7486481666564941,0.5773380398750305,0.8341324925422668,0.4659191966056824
0.46235042810440063,0.6710858345031738,0.8907828330993652,54,1814,,,,,,,,,,,,,,,,,,,,,,,,,,,
0.4607572555541992,0.6565656661987305,0.8737373948097229,55,1847,,,,,,,,,,,,,,,,,,,,,,,,,,,
,,,56,1849,0.14586272835731506,0.15025752782821655,4.091477870941162,0.191982239484787,0.13928285241127014,0.16269303858280182,0.4437267780303955,0.625,0.875,,,,,,,,,,,,,,,,,,
0.374325692653656,0.685606062412262,0.8863636255264282,56,1880,,,,,,,,,,,,,,,,,,,,,,,,,,,
,,,57,1899,0.14555348455905914,0.179114431142807,4.037837028503418,0.16461098194122314,0.11301726847887039,0.1661583036184311,0.30953311920166016,0.625,0.9583333134651184,,,,,,,,,,,,,,,,,,
,,,57,1899,,,,,,,,,,0.2395782470703125,4.163534164428711,0.21593259274959564,0.16246171295642853,0.20360171794891357,0.6382402181625366,0.6200000047683716,0.8450000286102295,0.49561870098114014,0.23391826450824738,4.161881923675537,0.21654854714870453,0.15988847613334656,0.20011422038078308,0.664580762386322,0.5926256775856018,0.8407272100448608,0.4700307846069336
0.36677277088165283,0.6755050420761108,0.8863636255264282,57,1913,,,,,,,,,,,,,,,,,,,,,,,,,,,
0.3532671630382538,0.6723484992980957,0.8838383555412292,58,1946,,,,,,,,,,,,,,,,,,,,,,,,,,,
,,,59,1949,0.14523343741893768,0.2788652777671814,4.082217693328857,0.2593008279800415,0.17533382773399353,0.22468796372413635,0.4814319610595703,0.5416666865348816,0.9166666865348816,,,,,,,,,,,,,,,,,,
0.3437459468841553,0.6698232293128967,0.8787878751754761,59,1979,,,,,,,,,,,,,,,,,,,,,,,,,,,
,,,60,1999,0.14490264654159546,0.18729010224342346,4.059216499328613,0.19514146447181702,0.12017473578453064,0.17103321850299835,0.4043765068054199,0.5,0.875,,,,,,,,,,,,,,,,,,
,,,60,1999,,,,,,,,,,0.2420230358839035,4.133966445922852,0.21569213271141052,0.16075290739536285,0.20315420627593994,0.556322455406189,0.6349999904632568,0.8550000190734863,0.4968584477901459,0.23545120656490326,4.132532119750977,0.21484093368053436,0.15789629518985748,0.1992780864238739,0.5832796096801758,0.6043162941932678,0.8509189486503601,0.46958473324775696
0.30773720145225525,0.6698232293128967,0.9008838534355164,60,2012,,,,,,,,,,,,,,,,,,,,,,,,,,,
0.2609558403491974,0.7007575631141663,0.9065656661987305,61,2045,,,,,,,,,,,,,,,,,,,,,,,,,,,
,,,62,2049,0.14456115663051605,0.1809689700603485,3.9709441661834717,0.1981436312198639,0.13362255692481995,0.17380854487419128,0.3370147943496704,0.7083333134651184,0.7916666865348816,,,,,,,,,,,,,,,,,,
0.24051126837730408,0.7114899158477783,0.8983585834503174,62,2078,,,,,,,,,,,,,,,,,,,,,,,,,,,
,,,63,2099,0.14420904219150543,0.124442920088768,3.9865968227386475,0.1656440943479538,0.1300230622291565,0.14525972306728363,0.008497118949890137,0.7916666865348816,0.9583333134651184,,,,,,,,,,,,,,,,,,
,,,63,2099,,,,,,,,,,0.23415593802928925,4.099531173706055,0.2117060273885727,0.15338002145290375,0.19787809252738953,0.48392489552497864,0.6349999904632568,0.8600000143051147,0.4837106764316559,0.22932271659374237,4.097724914550781,0.20869912207126617,0.1516774594783783,0.1943332999944687,0.5125250816345215,0.6141084432601929,0.8579133749008179,0.4669373035430908
0.24607111513614655,0.689393937587738,0.8832070827484131,63,2111,,,,,,,,,,,,,,,,,,,,,,,,,,,
0.21770527958869934,0.7077020406723022,0.9027777910232544,64,2144,,,,,,,,,,,,,,,,,,,,,,,,,,,
,,,65,2149,0.1438463181257248,0.16510596871376038,4.094860076904297,0.18512925505638123,0.11997635662555695,0.16341330111026764,0.41765689849853516,0.5833333134651184,0.9166666865348816,,,,,,,,,,,,,,,,,,
0.20915715396404266,0.7070707082748413,0.9015151262283325,65,2177,,,,,,,,,,,,,,,,,,,,,,,,,,,
,,,66,2199,0.1434730738401413,0.19519513845443726,4.035840034484863,0.19753921031951904,0.12043529003858566,0.17684830725193024,0.34748220443725586,0.625,0.8333333134651184,,,,,,,,,,,,,,,,,,
,,,66,2199,,,,,,,,,,0.22518397867679596,4.0689592361450195,0.20492367446422577,0.14651399850845337,0.19162966310977936,0.41799816489219666,0.625,0.875,0.466025173664093,0.2190493792295456,4.069049835205078,0.20067879557609558,0.14433029294013977,0.18777801096439362,0.44631505012512207,0.6251996159553528,0.864408552646637,0.46858739852905273
0.14420348405838013,0.7266414165496826,0.9122474789619446,66,2210,,,,,,,,,,,,,,,,,,,,,,,,,,,
0.17500287294387817,0.7108585834503174,0.8952020406723022,67,2243,,,,,,,,,,,,,,,,,,,,,,,,,,,
,,,68,2249,0.14308936893939972,0.09682117402553558,3.960052251815796,0.14032503962516785,0.09836290776729584,0.12474855780601501,0.07923686504364014,0.75,0.875,,,,,,,,,,,,,,,,,,
0.13296125829219818,0.7253788113594055,0.9097222089767456,68,2276,,,,,,,,,,,,,,,,,,,,,,,,,,,
,,,69,2299,0.14269523322582245,0.1736360788345337,3.9385108947753906,0.17758241295814514,0.11461421847343445,0.16155022382736206,-0.1613253355026245,0.875,0.9583333134651184,,,,,,,,,,,,,,,,,,
,,,69,2299,,,,,,,,,,0.214299738407135,4.048192501068115,0.20342253148555756,0.1409500688314438,0.18617847561836243,0.3557624816894531,0.6449999809265137,0.8849999904632568,0.47741466760635376,0.2144453525543213,4.045077800750732,0.19661666452884674,0.13908569514751434,0.1840217411518097,0.3854674994945526,0.6347919702529907,0.8709031939506531,0.46722397208213806
0.051053404808044434,0.7380050420761108,0.9229797720909119,69,2309,,,,,,,,,,,,,,,,,,,,,,,,,,,
0.11806445568799973,0.6931818127632141,0.9034090638160706,70,2342,,,,,,,,,,,,,,,,,,,,,,,,,,,
,,,71,2349,0.14229074120521545,0.1695665419101715,3.9872183799743652,0.1878989040851593,0.12815697491168976,0.1641552895307541,0.3354053497314453,0.6666666865348816,0.8333333134651184,,,,,,,,,,,,,,,,,,
0.09111201018095016,0.7272727489471436,0.9021464586257935,71,2375,,,,,,,,,,,,,,,,,,,,,,,,,,,
,,,72,2399,0.1418759524822235,0.15623125433921814,3.897341251373291,0.187371164560318,0.11903680860996246,0.15839466452598572,0.04152512550354004,0.75,0.9583333134651184,,,,,,,,,,,,,,,,,,
,,,72,2399,,,,,,,,,,0.20298540592193604,4.027437210083008,0.19627337157726288,0.13389824330806732,0.17960378527641296,0.2959394156932831,0.6499999761581421,0.8849999904632568,0.4711874723434448,0.20553292334079742,4.024058818817139,0.1890127956867218,0.13238009810447693,0.17814047634601593,0.3280862867832184,0.6429857015609741,0.8777475357055664,0.465168297290802
0.007816925644874573,0.7468434572219849,0.9242424368858337,72,2408,,,,,,,,,,,,,,,,,,,,,,,,,,,
0.07224804908037186,0.7329545617103577,0.9021464586257935,73,2441,,,,,,,,,,,,,,,,,,,,,,,,,,,
,,,74,2449,0.1414509415626526,0.11320256441831589,3.823099136352539,0.14055612683296204,0.0923866257071495,0.12570036947727203,-0.2722824811935425,0.8333333134651184,0.9583333134651184,,,,,,,,,,,,,,,,,,
-0.04188622906804085,0.7645202279090881,0.9299242496490479,74,2474,,,,,,,,,,,,,,,,,,,,,,,,,,,
,,,75,2499,0.14101575314998627,0.28445205092430115,3.934615135192871,0.16940397024154663,0.11163689941167831,0.19320547580718994,0.07764959335327148,0.6666666865348816,0.9583333134651184,,,,,,,,,,,,,,,,,,
,,,75,2499,,,,,,,,,,0.19511079788208008,4.01088809967041,0.19147714972496033,0.125361829996109,0.17461898922920227,0.24974338710308075,0.6499999761581421,0.8949999809265137,0.4734285771846771,0.1981678456068039,4.005876541137695,0.18225643038749695,0.12590305507183075,0.17297987639904022,0.2790588140487671,0.6490809321403503,0.8819442391395569,0.4631061255931854
0.007033006753772497,0.7279040217399597,0.9122474789619446,75,2507,,,,,,,,,,,,,,,,,,,,,,,,,,,
-0.02581329271197319,0.7550504803657532,0.9179292917251587,76,2540,,,,,,,,,,,,,,,,,,,,,,,,,,,
,,,77,2549,0.1405704766511917,0.1285649985074997,3.9702823162078857,0.16302287578582764,0.09904073178768158,0.14319884777069092,0.1986626386642456,0.7083333134651184,0.8333333134651184,,,,,,,,,,,,,,,,,,
-0.02964123524725437,0.745580792427063,0.9071969985961914,77,2573,,,,,,,,,,,,,,,,,,,,,,,,,,,
,,,78,2599,0.1401151716709137,0.11627780646085739,3.927030563354492,0.15653471648693085,0.09086546301841736,0.13713395595550537,0.13077116012573242,0.6666666865348816,0.8333333134651184,,,,,,,,,,,,,,,,,,
,,,78,2599,,,,,,,,,,0.18221977353096008,3.9956533908843994,0.18362544476985931,0.11915265023708344,0.16796337068080902,0.19677722454071045,0.6499999761581421,0.9049999713897705,0.4598245322704315,0.1912609189748764,3.9916348457336426,0.17577162384986877,0.11980604380369186,0.1679631769657135,0.23094673454761505,0.6541268229484558,0.8848419785499573,0.4590441882610321
-0.06538240611553192,0.7537878751754761,0.9242424368858337,78,2606,,,,,,,,,,,,,,,,,,,,,,,,,,,
-0.06815818697214127,0.7651515007019043,0.9292929172515869,79,2639,,,,,,,,,,,,,,,,,,,,,,,,,,,
,,,80,2649,0.139649897813797,0.12291119992733002,3.992729902267456,0.17333225905895233,0.08549660444259644,0.13922715187072754,0.12954437732696533,0.6666666865348816,0.8333333134651184,,,,,,,,,,,,,,,,,,
-0.020763427019119263,0.7348484992980957,0.9059343338012695,80,2672,,,,,,,,,,,,,,,,,,,,,,,,,,,
,,,81,2699,0.13917472958564758,0.08674132823944092,3.9430599212646484,0.12937861680984497,0.08237498998641968,0.1126185730099678,0.04429483413696289,0.75,0.875,,,,,,,,,,,,,,,,,,
,,,81,2699,,,,,,,,,,0.17868328094482422,3.9828784465789795,0.17714790999889374,0.11337536573410034,0.16409602761268616,0.15381750464439392,0.6549999713897705,0.9150000214576721,0.4513840973377228,0.1876688003540039,3.9786736965179443,0.17070618271827698,0.1148231029510498,0.16443248093128204,0.1896745264530182,0.6591227054595947,0.8884389996528625,0.45499908924102783
-0.11664026230573654,0.7664141654968262,0.9267676472663879,81,2705,,,,,,,,,,,,,,,,,,,,,,,,,,,
-0.14709138870239258,0.756313145160675,0.934974730014801,82,2738,,,,,,,,,,,,,,,,,,,,,,,,,,,
,,,83,2749,0.13868975639343262,0.14457769691944122,3.891486644744873,0.18596646189689636,0.09956774115562439,0.14228555560112,-0.07806146144866943,0.75,0.9166666865348816,,,,,,,,,,,,,,,,,,
-0.17399829626083374,0.7828282713890076,0.9248737096786499,83,2771,,,,,,,,,,,,,,,,,,,,,,,,,,,
,,,84,2799,0.13819503784179688,0.09920397400856018,3.959259033203125,0.15524031221866608,0.09010228514671326,0.12395155429840088,0.18029236793518066,0.7083333134651184,0.875,,,,,,,,,,,,,,,,,,
,,,84,2799,,,,,,,,,,0.16058313846588135,3.9745829105377197,0.16524335741996765,0.10479842126369476,0.15413592755794525,0.11436204612255096,0.6650000214576721,0.9100000262260437,0.4504392743110657,0.17336013913154602,3.9659132957458496,0.16120170056819916,0.10624715685844421,0.15577809512615204,0.14472733438014984,0.6651679277420044,0.8905376195907593,0.4515663981437683
-0.11657534539699554,0.7575757503509521,0.9141414165496826,84,2804,,,,,,,,,,,,,,,,,,,,,,,,,,,
-0.16563387215137482,0.7695707082748413,0.9255050420761108,85,2837,,,,,,,,,,,,,,,,,,,,,,,,,,,
,,,86,2849,0.13769064843654633,0.09524180740118027,3.8588199615478516,0.1474589705467224,0.09119907766580582,0.12094948440790176,-0.1566845178604126,0.7916666865348816,0.875,,,,,,,,,,,,,,,,,,
-0.16431157290935516,0.7613636255264282,0.9286616444587708,86,2870,,,,,,,,,,,,,,,,,,,,,,,,,,,
,,,87,2899,0.13717666268348694,0.09483744204044342,3.906057357788086,0.13330768048763275,0.08781447261571884,0.11752954125404358,-0.06170845031738281,0.7083333134651184,0.9166666865348816,,,,,,,,,,,,,,,,,,
,,,87,2899,,,,,,,,,,0.14328311383724213,3.9663515090942383,0.15584643185138702,0.09503467381000519,0.14438524842262268,0.07190541923046112,0.6850000023841858,0.9150000214576721,0.46483370661735535,0.1596265435218811,3.9588775634765625,0.15131805837154388,0.09730039536952972,0.1471417397260666,0.10509180277585983,0.6679655909538269,0.892835795879364,0.44709333777427673
-0.22020316123962402,0.7803030014038086,0.933080792427063,87,2903,,,,,,,,,,,,,,,,,,,,,,,,,,,
-0.205100417137146,0.7613636255264282,0.9375,88,2936,,,,,,,,,,,,,,,,,,,,,,,,,,,
,,,89,2949,0.13665316998958588,0.09932803362607956,3.9471869468688965,0.11253458261489868,0.06285946071147919,0.10323357582092285,0.04176783561706543,0.625,0.7916666865348816,,,,,,,,,,,,,,,,,,
-0.20713035762310028,0.7746211886405945,0.9154040217399597,89,2969,,,,,,,,,,,,,,,,,,,,,,,,,,,
,,,90,2999,0.1361202448606491,0.06687024235725403,3.9028806686401367,0.10591785609722137,0.06479990482330322,0.09419358521699905,0.15045905113220215,0.5416666865348816,0.8333333134651184,,,,,,,,,,,,,,,,,,
,,,90,2999,,,,,,,,,,0.13745523989200592,3.961386203765869,0.15377584099769592,0.09255857765674591,0.14105382561683655,0.022696608677506447,0.6899999976158142,0.9150000214576721,0.4632495045661926,0.15800808370113373,3.9549150466918945,0.1492108851671219,0.0935928001999855,0.14495638012886047,0.06841149181127548,0.6709131598472595,0.8958334922790527,0.4423116147518158
-0.1976543366909027,0.7601010203361511,0.9198232293128967,90,3002,,,,,,,,,,,,,,,,,,,,,,,,,,,
-0.1890733689069748,0.7487373948097229,0.9191918969154358,91,3035,,,,,,,,,,,,,,,,,,,,,,,,,,,
,,,92,3049,0.1355779767036438,0.08177896589040756,3.9289681911468506,0.1237824559211731,0.07259423285722733,0.10964099317789078,-0.05298876762390137,0.7083333134651184,0.9166666865348816,,,,,,,,,,,,,,,,,,
-0.27963411808013916,0.7859848737716675,0.9494949579238892,92,3068,,,,,,,,,,,,,,,,,,,,,,,,,,,
,,,93,3099,0.13502644002437592,0.09261666983366013,3.779019355773926,0.09900243580341339,0.060256198048591614,0.10125628858804703,-0.3953760862350464,0.7916666865348816,0.9166666865348816,,,,,,,,,,,,,,,,,,
,,,93,3099,,,,,,,,,,0.13315314054489136,3.9574942588806152,0.14459222555160522,0.0869985893368721,0.13628365099430084,-0.00939950905740261,0.6949999928474426,0.9150000214576721,0.4571373462677002,0.1506117433309555,3.949352741241455,0.14264334738254547,0.08804576843976974,0.13944756984710693,0.03086354024708271,0.6753096580505371,0.8988310694694519,0.43846824765205383
-0.24324843287467957,0.7746211886405945,0.9273989796638489,93,3101,,,,,,,,,,,,,,,,,,,,,,,,,,,
-0.29710349440574646,0.7657828330993652,0.931186854839325,94,3134,,,,,,,,,,,,,,,,,,,,,,,,,,,
,,,95,3149,0.13446572422981262,0.06522394716739655,3.8522872924804688,0.09706276655197144,0.057883456349372864,0.09130355715751648,-0.07957732677459717,0.7083333134651184,0.8333333134651184,,,,,,,,,,,,,,,,,,
-0.2694377601146698,0.7815656661987305,0.9273989796638489,95,3167,,,,,,,,,,,,,,,,,,,,,,,,,,,
,,,96,3199,0.1338959038257599,0.11062469333410263,3.864393711090088,0.09895752370357513,0.05910851061344147,0.11234816908836365,0.0953683853149414,0.5833333134651184,0.7916666865348816,,,,,,,,,,,,,,,,,,
,,,96,3199,,,,,,,,,,0.12029337882995605,3.955991506576538,0.136879563331604,0.07937546074390411,0.12798210978507996,-0.04431077465415001,0.699999988079071,0.9150000214576721,0.4613851308822632,0.1388123482465744,3.9477813243865967,0.1353011578321457,0.07990656793117523,0.13170312345027924,-0.00754080805927515,0.677907407283783,0.9018285274505615,0.434000164270401
-0.22314898669719696,0.7373737096786499,0.9135100841522217,96,3200,,,,,,,,,,,,,,,,,,,,,,,,,,,
-0.27916473150253296,0.7556818127632141,0.9248737096786499,97,3233,,,,,,,,,,,,,,,,,,,,,,,,,,,
,,,98,3249,0.13331706821918488,0.09070178121328354,3.8462119102478027,0.12054438889026642,0.05794622749090195,0.10575229674577713,-0.05085134506225586,0.6666666865348816,0.8333333134651184,,,,,,,,,,,,,,,,,,
-0.32021939754486084,0.7904040217399597,0.9248737096786499,98,3266,,,,,,,,,,,,,,,,,,,,,,,,,,,
,,,99,3299,0.13272932171821594,0.09815080463886261,3.905491590499878,0.1434553563594818,0.08464512974023819,0.12078596651554108,-0.09916961193084717,0.7083333134651184,0.9583333134651184,,,,,,,,,,,,,,,,,,
,,,99,3299,,,,,,,,,,0.11989658325910568,3.954409599304199,0.13488472998142242,0.0771973580121994,0.12561582028865814,-0.07834358513355255,0.699999988079071,0.9200000166893005,0.45910921692848206,0.1358373463153839,3.9484589099884033,0.13143673539161682,0.0766153484582901,0.12861795723438263,-0.038874026387929916,0.682503879070282,0.9035269618034363,0.43195587396621704
-0.3227801024913788,0.7859848737716675,0.9204545617103577,99,3299,,,,,,,,,,,,,,,,,,,,,,,,,,,
-0.3264741897583008,0.7809343338012695,0.9305555820465088,100,3332,,,,,,,,,,,,,,,,,,,,,,,,,,,
,,,101,3349,0.13213273882865906,0.0477631539106369,3.8297603130340576,0.09210298955440521,0.05305381119251251,0.08251256495714188,-0.4110448360443115,0.8333333134651184,0.9166666865348816,,,,,,,,,,,,,,,,,,
-0.35360512137413025,0.7922979593276978,0.9248737096786499,101,3365,,,,,,,,,,,,,,,,,,,,,,,,,,,
-0.37180787324905396,0.7998737096786499,0.9375,102,3398,,,,,,,,,,,,,,,,,,,,,,,,,,,
,,,103,3399,0.13152742385864258,0.04792194068431854,3.931293487548828,0.10166957974433899,0.05921658128499985,0.08297362923622131,-0.12790751457214355,0.7916666865348816,0.875,,,,,,,,,,,,,,,,,,
,,,103,3399,,,,,,,,,,0.10787234455347061,3.958277940750122,0.12586843967437744,0.07037030905485153,0.11800551414489746,-0.10457035154104233,0.6949999928474426,0.9200000166893005,0.44877123832702637,0.12564519047737122,3.9503774642944336,0.12456094473600388,0.0703233927488327,0.12185107916593552,-0.06854863464832306,0.6838527321815491,0.9050259590148926,0.42697590589523315
-0.3715035915374756,0.8011363744735718,0.9305555820465088,103,3431,,,,,,,,,,,,,,,,,,,,,,,,,,,
,,,104,3449,0.13091345131397247,0.11263488978147507,3.9322733879089355,0.09787513315677643,0.05293493717908859,0.1068405881524086,-0.3010667562484741,0.75,0.9583333134651184,,,,,,,,,,,,,,,,,,
-0.3844403028488159,0.7954545617103577,0.934974730014801,104,3464,,,,,,,,,,,,,,,,,,,,,,,,,,,
-0.3836703896522522,0.7752525210380554,0.9286616444587708,105,3497,,,,,,,,,,,,,,,,,,,,,,,,,,,
,,,106,3499,0.1302909255027771,0.08612227439880371,3.8396594524383545,0.10575568675994873,0.06195635721087456,0.09912809729576111,-0.6545408964157104,0.875,1.0,,,,,,,,,,,,,,,,,,
,,,106,3499,,,,,,,,,,0.10103950649499893,3.959503173828125,0.12298686057329178,0.06700201332569122,0.11322741210460663,-0.15281625092029572,0.7149999737739563,0.9200000166893005,0.4622771441936493,0.12017705291509628,3.9531216621398926,0.11936028301715851,0.06627852469682693,0.11744556576013565,-0.10103894770145416,0.6864007711410522,0.9064248204231262,0.42222192883491516
-0.36302807927131653,0.7777777910232544,0.9185606241226196,106,3530,,,,,,,,,,,,,,,,,,,,,,,,,,,
,,,107,3549,0.12965995073318481,0.062098823487758636,3.7556941509246826,0.1178537905216217,0.05437692999839783,0.09178917855024338,-0.646359920501709,0.9166666865348816,1.0,,,,,,,,,,,,,,,,,,
-0.4204683303833008,0.7935606241226196,0.9292929172515869,107,3563,,,,,,,,,,,,,,,,,,,,,,,,,,,
-0.38822346925735474,0.7765151262283325,0.9210858345031738,108,3596,,,,,,,,,,,,,,,,,,,,,,,,,,,
,,,109,3599,0.1290206015110016,0.037509240210056305,3.886103630065918,0.0919799879193306,0.05415657162666321,0.07296658307313919,-0.4591721296310425,0.75,0.9166666865348816,,,,,,,,,,,,,,,,,,
,,,109,3599,,,,,,,,,,0.09011930227279663,3.964322090148926,0.1122247576713562,0.06067933887243271,0.1058046743273735,-0.17287170886993408,0.7049999833106995,0.9350000023841858,0.43845316767692566,0.11054935306310654,3.9571869373321533,0.1126505434513092,0.06018374115228653,0.11065080016851425,-0.1266310214996338,0.6869003176689148,0.9062252044677734,0.41769590973854065
-0.4720991551876068,0.8017676472663879,0.940025269985199,109,3629,,,,,,,,,,,,,,,,,,,,,,,,,,,
,,,110,3649,0.12837299704551697,0.04433769732713699,3.864001989364624,0.07890241593122482,0.03974468261003494,0.07137002050876617,-0.3208587169647217,0.7083333134651184,0.9166666865348816,,,,,,,,,,,,,,,,,,
-0.42811205983161926,0.7922979593276978,0.9267676472663879,110,3662,,,,,,,,,,,,,,,,,,,,,,,,,,,
-0.4482436180114746,0.7992424368858337,0.9267676472663879,111,3695,,,,,,,,,,,,,,,,,,,,,,,,,,,
,,,112,3699,0.12771722674369812,0.048344895243644714,3.8534295558929443,0.09478362649679184,0.04505901038646698,0.07905460149049759,-0.348549485206604,0.7916666865348816,0.9166666865348816,,,,,,,,,,,,,,,,,,
,,,112,3699,,,,,,,,,,0.08274733275175095,3.9677648544311523,0.10703915357589722,0.05312744528055191,0.09831476956605911,-0.21646957099437714,0.699999988079071,0.9300000071525574,0.4257880747318268,0.09857569634914398,3.964724540710449,0.10363191366195679,0.053385358303785324,0.10197580605745316,-0.16477364301681519,0.68979811668396,0.9101216197013855,0.41544413566589355
-0.4248601496219635,0.7973484992980957,0.933080792427063,112,3728,,,,,,,,,,,,,,,,,,,,,,,,,,,
,,,113,3749,0.1270533949136734,0.0721176490187645,3.9055423736572266,0.11529050767421722,0.04692309349775314,0.09004783630371094,-0.32712435722351074,0.6666666865348816,0.875,,,,,,,,,,,,,,,,,,
-0.4700457751750946,0.7960858345031738,0.9204545617103577,113,3761,,,,,,,,,,,,,,,,,,,,,,,,,,,
-0.47281360626220703,0.7847222089767456,0.9248737096786499,114,3794,,,,,,,,,,,,,,,,,,,,,,,,,,,
,,,115,3799,0.12638159096240997,0.024393390864133835,3.9292407035827637,0.07412407547235489,0.03327975794672966,0.05648922547698021,-0.35048365592956543,0.7916666865348816,0.7916666865348816,,,,,,,,,,,,,,,,,,
,,,115,3799,,,,,,,,,,0.07509573549032211,3.976574659347534,0.10052509605884552,0.04861540347337723,0.09287674725055695,-0.23134441673755646,0.7099999785423279,0.9200000166893005,0.4360782206058502,0.09209690988063812,3.9721269607543945,0.09869611263275146,0.0491444393992424,0.09696361422538757,-0.18689894676208496,0.691746711730957,0.9092227220535278,0.4112433195114136
-0.5339407324790955,0.8175504803657532,0.9450757503509521,115,3827,,,,,,,,,,,,,,,,,,,,,,,,,,,
,,,116,3849,0.1257019340991974,0.0352591946721077,3.9231090545654297,0.08201156556606293,0.04440836235880852,0.06500565260648727,-0.23180484771728516,0.6666666865348816,0.8333333134651184,,,,,,,,,,,,,,,,,,
-0.5084506273269653,0.8017676472663879,0.9337121248245239,116,3860,,,,,,,,,,,,,,,,,,,,,,,,,,,
-0.4836578071117401,0.7803030014038086,0.9381313323974609,117,3893,,,,,,,,,,,,,,,,,,,,,,,,,,,
,,,118,3899,0.1250145137310028,0.034336384385824203,3.964913845062256,0.0862976536154747,0.03780222684144974,0.0669277086853981,-0.35740768909454346,0.7083333134651184,0.875,,,,,,,,,,,,,,,,,,
,,,118,3899,,,,,,,,,,0.07369701564311981,3.974036455154419,0.09557676315307617,0.045557692646980286,0.08951170742511749,-0.263630211353302,0.6949999928474426,0.925000011920929,0.4155258536338806,0.08739088475704193,3.9730794429779053,0.0949442908167839,0.04528089985251427,0.09281599521636963,-0.21245592832565308,0.6918964982032776,0.9112212061882019,0.40600332617759705
-0.553031861782074,0.8049242496490479,0.940025269985199,118,3926,,,,,,,,,,,,,,,,,,,,,,,,,,,
,,,119,3949,0.12431944906711578,0.07349595427513123,3.8695645332336426,0.07524962723255157,0.0283115953207016,0.08023127168416977,-0.6091790199279785,0.8333333134651184,0.9583333134651184,,,,,,,,,,,,,,,,,,
-0.5131402015686035,0.7904040217399597,0.9267676472663879,119,3959,,,,,,,,,,,,,,,,,,,,,,,,,,,
-0.49754807353019714,0.7973484992980957,0.9210858345031738,120,3992,,,,,,,,,,,,,,,,,,,,,,,,,,,
,,,121,3999,0.12361684441566467,0.031667064875364304,3.954329013824463,0.07280511409044266,0.03165030479431152,0.06033274903893471,-0.8655778169631958,0.875,1.0,,,,,,,,,,,,,,,,,,
,,,121,3999,,,,,,,,,,0.06773876398801804,3.9789254665374756,0.09320494532585144,0.042900633066892624,0.08507401496171951,-0.29235392808914185,0.699999988079071,0.9300000071525574,0.4189247786998749,0.08266112953424454,3.9805357456207275,0.08965644240379333,0.0422804020345211,0.08853542804718018,-0.23682436347007751,0.6939947605133057,0.9117204546928406,0.4029514193534851
-0.4906563460826874,0.7878788113594055,0.9204545617103577,121,4025,,,,,,,,,,,,,,,,,,,,,,,,,,,
,,,122,4049,0.12290679663419724,0.04510454460978508,3.9446425437927246,0.09305881708860397,0.03441319614648819,0.07074741274118423,-0.5286811590194702,0.7916666865348816,0.9166666865348816,,,,,,,,,,,,,,,,,,
-0.5141916275024414,0.7922979593276978,0.931186854839325,122,4058,,,,,,,,,,,,,,,,,,,,,,,,,,,
-0.5287011861801147,0.7929292917251587,0.9318181872367859,123,4091,,,,,,,,,,,,,,,,,,,,,,,,,,,
,,,124,4099,0.12218941748142242,0.09641480445861816,3.9219491481781006,0.08792547136545181,0.035456910729408264,0.0824577584862709,-0.48765528202056885,0.7916666865348816,0.875,,,,,,,,,,,,,,,,,,
,,,124,4099,,,,,,,,,,0.06113329529762268,3.985778570175171,0.0872098058462143,0.03770703449845314,0.07998622208833694,-0.30547425150871277,0.7049999833106995,0.9399999976158142,0.41501906514167786,0.07554902881383896,3.985891342163086,0.08455225080251694,0.038514394313097,0.08323020488023758,-0.260027140378952,0.6959933042526245,0.9130195379257202,0.39985594153404236
-0.6299391984939575,0.8371211886405945,0.9476010203361511,124,4124,,,,,,,,,,,,,,,,,,,,,,,,,,,
,,,125,4149,0.1214648187160492,0.04322291538119316,3.9859464168548584,0.08689060807228088,0.035953547805547714,0.06798995286226273,-0.32446467876434326,0.7083333134651184,0.9166666865348816,,,,,,,,,,,,,,,,,,
-0.5182738900184631,0.7872474789619446,0.9172979593276978,125,4157,,,,,,,,,,,,,,,,,,,,,,,,,,,
-0.5971378684043884,0.8207070827484131,0.9362373948097229,126,4190,,,,,,,,,,,,,,,,,,,,,,,,,,,
,,,127,4199,0.1207331195473671,0.03189551830291748,3.846271276473999,0.08134126663208008,0.03799551725387573,0.06193160265684128,-0.3763347864151001,0.6666666865348816,0.9166666865348816,,,,,,,,,,,,,,,,,,
,,,127,4199,,,,,,,,,,0.05758870765566826,3.9899916648864746,0.08512616902589798,0.03502895310521126,0.07648994773626328,-0.34237635135650635,0.6949999928474426,0.9350000023841858,0.3966040015220642,0.07129821181297302,3.991886615753174,0.08050855249166489,0.03536467254161835,0.07927979528903961,-0.2891705334186554,0.6981915235519409,0.9146182537078857,0.39832204580307007
-0.5917046070098877,0.8011363744735718,0.9375,127,4223,,,,,,,,,,,,,,,,,,,,,,,,,,,
,,,128,4249,0.11999441683292389,0.027845095843076706,3.9509921073913574,0.06611615419387817,0.019566403701901436,0.051416244357824326,-0.2003307342529297,0.5416666865348816,0.875,,,,,,,,,,,,,,,,,,
-0.5984082818031311,0.8011363744735718,0.9324495196342468,128,4256,,,,,,,,,,,,,,,,,,,,,,,,,,,
-0.6402075886726379,0.816919207572937,0.9482323527336121,129,4289,,,,,,,,,,,,,,,,,,,,,,,,,,,
,,,130,4299,0.11924883723258972,0.02071944810450077,3.8907723426818848,0.06525878608226776,0.027386613190174103,0.050368789583444595,-0.9614400863647461,0.9583333134651184,1.0,,,,,,,,,,,,,,,,,,
,,,130,4299,,,,,,,,,,0.052140604704618454,3.9987688064575195,0.07877834141254425,0.03119790554046631,0.0703769102692604,-0.36712825298309326,0.7049999833106995,0.9399999976158142,0.4128371477127075,0.062457501888275146,4.003127098083496,0.07431488484144211,0.031181909143924713,0.07281096279621124,-0.3144804835319519,0.6997405290603638,0.9153177738189697,0.3935328722000122
-0.6184268593788147,0.8194444179534912,0.934974730014801,130,4322,,,,,,,,,,,,,,,,,,,,,,,,,,,
,,,131,4349,0.11849648505449295,0.026777219027280807,3.7947821617126465,0.053030893206596375,0.024883311241865158,0.0517129972577095,-0.8691340684890747,0.875,0.9583333134651184,,,,,,,,,,,,,,,,,,
-0.5910139679908752,0.8023989796638489,0.9280303120613098,131,4355,,,,,,,,,,,,,,,,,,,,,,,,,,,
-0.6495787501335144,0.816919207572937,0.9494949579238892,132,4388,,,,,,,,,,,,,,,,,,,,,,,,,,,
,,,133,4399,0.11773747950792313,0.029670167714357376,3.7566142082214355,0.06426357477903366,0.022016245871782303,0.053481560200452805,-0.8205974102020264,0.7916666865348816,0.9583333134651184,,,,,,,,,,,,,,,,,,
,,,133,4399,,,,,,,,,,0.04660312086343765,4.009607315063477,0.07429755479097366,0.027857422828674316,0.06626952439546585,-0.3827071785926819,0.7350000143051147,0.9350000023841858,0.42094096541404724,0.057014063000679016,4.011369705200195,0.0704854354262352,0.0281477402895689,0.06838709115982056,-0.3331790566444397,0.6994403600692749,0.9148181080818176,0.39000481367111206
-0.6732085943222046,0.8289141654968262,0.9450757503509521,133,4421,,,,,,,,,,,,,,,,,,,,,,,,,,,
,,,134,4449,0.1169719323515892,0.035672254860401154,3.819542646408081,0.05447595939040184,0.021187998354434967,0.0546501949429512,-0.8757344484329224,0.8333333134651184,0.9166666865348816,,,,,,,,,,,,,,,,,,
-0.6730363368988037,0.8213383555412292,0.9406565427780151,134,4454,,,,,,,,,,,,,,,,,,,,,,,,,,,
-0.7041785717010498,0.816919207572937,0.9532828330993652,135,4487,,,,,,,,,,,,,,,,,,,,,,,,,,,
,,,136,4499,0.11619997024536133,0.026707034558057785,3.909193754196167,0.06797224283218384,0.02528153359889984,0.053949981927871704,-0.949459433555603,0.9583333134651184,1.0,,,,,,,,,,,,,,,,,,
,,,136,4499,,,,,,,,,,0.04495663568377495,4.013189792633057,0.0708734542131424,0.026746857911348343,0.06409043818712234,-0.4043389856815338,0.7149999737739563,0.9449999928474426,0.40621888637542725,0.055368080735206604,4.015516757965088,0.067449651658535,0.02668377384543419,0.06619853526353836,-0.3575538992881775,0.701239287853241,0.9152176976203918,0.3860412836074829
-0.6831982731819153,0.8162878751754761,0.9564393758773804,136,4520,,,,,,,,,,,,,,,,,,,,,,,,,,,
,,,137,4549,0.11542169749736786,0.023544564843177795,3.9265031814575195,0.05591389536857605,0.020999236032366753,0.04811953380703926,-0.7223167419433594,0.8333333134651184,0.9166666865348816,,,,,,,,,,,,,,,,,,
-0.7349133491516113,0.8308081030845642,0.9545454382896423,137,4553,,,,,,,,,,,,,,,,,,,,,,,,,,,
-0.6366041898727417,0.7986111044883728,0.9362373948097229,138,4586,,,,,,,,,,,,,,,,,,,,,,,,,,,
,,,139,4599,0.11463724821805954,0.019386565312743187,3.9016051292419434,0.05642508715391159,0.02441636472940445,0.046564336866140366,-1.1216912269592285,1.0,1.0,,,,,,,,,,,,,,,,,,
,,,139,4599,,,,,,,,,,0.046190518885850906,4.020657539367676,0.06944148242473602,0.025132546201348305,0.06235229969024658,-0.4196316599845886,0.7250000238418579,0.9449999928474426,0.42473113536834717,0.05302993953227997,4.022459506988525,0.06458441913127899,0.0251199658960104,0.06371614336967468,-0.373505175113678,0.7033877372741699,0.9148181080818176,0.3817780911922455
-0.6726363301277161,0.8156565427780151,0.9292929172515869,139,4619,,,,,,,,,,,,,,,,,,,,,,,,,,,
,,,140,4649,0.11384673416614532,0.014660423621535301,3.970458984375,0.0545506589114666,0.018676461651921272,0.04165642336010933,-0.7754895687103271,0.875,0.9583333134651184,,,,,,,,,,,,,,,,,,
-0.6723656058311462,0.7992424368858337,0.9381313323974609,140,4652,,,,,,,,,,,,,,,,,,,,,,,,,,,
-0.7230876088142395,0.8118686676025391,0.9431818127632141,141,4685,,,,,,,,,,,,,,,,,,,,,,,,,,,
,,,142,4699,0.11305028200149536,0.05843287333846092,3.968052625656128,0.05383218824863434,0.019532635807991028,0.05781354755163193,-0.430433988571167,0.7083333134651184,0.9166666865348816,,,,,,,,,,,,,,,,,,
,,,142,4699,,,,,,,,,,0.04412250965833664,4.028581142425537,0.0647449791431427,0.022385483607649803,0.058733340352773666,-0.4266921281814575,0.7350000143051147,0.9399999976158142,0.4101274907588959,0.04854690283536911,4.030678749084473,0.060076676309108734,0.022635892033576965,0.05965279042720795,-0.3898584246635437,0.7018886208534241,0.9158173203468323,0.3799780607223511
-0.7223638892173767,0.8270202279090881,0.9488636255264282,142,4718,,,,,,,,,,,,,,,,,,,,,,,,,,,
,,,143,4749,0.1122480034828186,0.03148781508207321,3.9458978176116943,0.06277734041213989,0.025920098647475243,0.05564303323626518,-0.7710921764373779,0.8333333134651184,1.0,,,,,,,,,,,,,,,,,,
-0.7178183794021606,0.8112373948097229,0.9368686676025391,143,4751,,,,,,,,,,,,,,,,,,,,,,,,,,,
-0.755396842956543,0.8257575631141663,0.940025269985199,144,4784,,,,,,,,,,,,,,,,,,,,,,,,,,,
,,,145,4799,0.1114400252699852,0.012222758494317532,3.9938888549804688,0.041772015392780304,0.015358492732048035,0.03339988365769386,-0.8212054967880249,0.875,0.875,,,,,,,,,,,,,,,,,,
,,,145,4799,,,,,,,,,,0.03852975741028786,4.035369873046875,0.06071283668279648,0.02077002078294754,0.05501638352870941,-0.46057289838790894,0.7250000238418579,0.949999988079071,0.3931790292263031,0.04545982554554939,4.038747310638428,0.05770404636859894,0.020996715873479843,0.05693792924284935,-0.4095993936061859,0.7024883031845093,0.9161171913146973,0.37562116980552673
-0.7407355308532715,0.8226010203361511,0.9387626051902771,145,4817,,,,,,,,,,,,,,,,,,,,,,,,,,,
,,,146,4849,0.1106264740228653,0.017352450639009476,4.0608930587768555,0.05010481923818588,0.015314089134335518,0.04055626317858696,-0.5203210115432739,0.75,0.9583333134651184,,,,,,,,,,,,,,,,,,
-0.7712736129760742,0.8308081030845642,0.9532828330993652,146,4850,,,,,,,,,,,,,,,,,,,,,,,,,,,
-0.8091058731079102,0.8446969985961914,0.9602272510528564,147,4883,,,,,,,,,,,,,,,,,,,,,,,,,,,
,,,148,4899,0.10980747640132904,0.03880363702774048,3.9430854320526123,0.06663849204778671,0.017678095027804375,0.05596744641661644,-0.5284909009933472,0.8333333134651184,0.9166666865348816,,,,,,,,,,,,,,,,,,
,,,148,4899,,,,,,,,,,0.03518524020910263,4.042233467102051,0.05765797197818756,0.019121743738651276,0.05201847851276398,-0.4762738049030304,0.7350000143051147,0.9449999928474426,0.4082718789577484,0.04172156751155853,4.046035289764404,0.054242197424173355,0.019351493567228317,0.053689971566200256,-0.4332364797592163,0.7050861716270447,0.9175161123275757,0.3749487102031708
-0.7244807481765747,0.814393937587738,0.9324495196342468,148,4916,,,,,,,,,,,,,,,,,,,,,,,,,,,
,,,149,4949,0.10898315161466599,0.06797967851161957,4.0367960929870605,0.04244644194841385,0.012446143664419651,0.05218163877725601,-0.6609797477722168,0.7916666865348816,0.9166666865348816,,,,,,,,,,,,,,,,,,
-0.7728286981582642,0.8276515007019043,0.940025269985199,149,4949,,,,,,,,,,,,,,,,,,,,,,,,,,,
-0.781700611114502,0.8295454382896423,0.9463383555412292,150,4982,,,,,,,,,,,,,,,,,,,,,,,,,,,
,,,151,4999,0.10815362632274628,0.013894125819206238,3.978602886199951,0.04352214187383652,0.013228243216872215,0.035202763974666595,-1.0054657459259033,0.9166666865348816,0.9583333134651184,,,,,,,,,,,,,,,,,,
,,,151,4999,,,,,,,,,,0.0345001220703125,4.047295093536377,0.05476587638258934,0.017920803278684616,0.05005432292819023,-0.4881139397621155,0.75,0.9399999976158142,0.42982223629951477,0.03894257918000221,4.052623271942139,0.050868600606918335,0.017668168991804123,0.0507919080555439,-0.45118680596351624,0.7058857083320618,0.9178160429000854,0.37057676911354065
-0.7791339755058289,0.8200757503509521,0.939393937587738,151,5015,,,,,,,,,,,,,,,,,,,,,,,,,,,
-0.8220309615135193,0.8364899158477783,0.9564393758773804,152,5048,,,,,,,,,,,,,,,,,,,,,,,,,,,
,,,153,5049,0.10731902718544006,0.011598578654229641,3.923121213912964,0.04481237381696701,0.014664607122540474,0.033618394285440445,-0.9748063087463379,0.8333333134651184,1.0,,,,,,,,,,,,,,,,,,
-0.8063982725143433,0.8207070827484131,0.941919207572937,153,5081,,,,,,,,,,,,,,,,,,,,,,,,,,,
,,,154,5099,0.10647948831319809,0.018254827708005905,4.044894695281982,0.035360708832740784,0.013299071229994297,0.03623047471046448,-0.7133883237838745,0.875,0.9583333134651184,,,,,,,,,,,,,,,,,,
,,,154,5099,,,,,,,,,,0.029539991170167923,4.058964729309082,0.05016672983765602,0.015526740811765194,0.04572491720318794,-0.5064392685890198,0.7350000143051147,0.9350000023841858,0.41000300645828247,0.034781940281391144,4.064469337463379,0.04696456715464592,0.015480248257517815,0.0467393696308136,-0.4617331624031067,0.7026880979537964,0.9163172245025635,0.3665723204612732
-0.8414474725723267,0.8244949579238892,0.9501262903213501,154,5114,,,,,,,,,,,,,,,,,,,,,,,,,,,
-0.7697144150733948,0.8162878751754761,0.9248737096786499,155,5147,,,,,,,,,,,,,,,,,,,,,,,,,,,
,,,156,5149,0.1056351363658905,0.011081062257289886,3.8916640281677246,0.03719571977853775,0.017572201788425446,0.03302881121635437,-1.0415167808532715,0.8333333134651184,1.0,,,,,,,,,,,,,,,,,,
-0.8024145364761353,0.8207070827484131,0.9387626051902771,156,5180,,,,,,,,,,,,,,,,,,,,,,,,,,,
,,,157,5199,0.10478609055280685,0.008394373580813408,4.026824951171875,0.03568418323993683,0.012746939435601234,0.029184672981500626,-0.7239782810211182,0.8333333134651184,0.9583333134651184,,,,,,,,,,,,,,,,,,
,,,157,5199,,,,,,,,,,0.03176284208893776,4.061007499694824,0.049624983221292496,0.014904912561178207,0.04562253877520561,-0.5131561160087585,0.7400000095367432,0.9399999976158142,0.39545416831970215,0.0342242605984211,4.069057941436768,0.0462520606815815,0.014847389422357082,0.045835480093955994,-0.4792155623435974,0.7037874460220337,0.9178158044815063,0.36233118176460266
-0.8217905759811401,0.8339646458625793,0.9425504803657532,157,5213,,,,,,,,,,,,,,,,,,,,,,,,,,,
-0.8297902941703796,0.8131313323974609,0.9482323527336121,158,5246,,,,,,,,,,,,,,,,,,,,,,,,,,,
,,,159,5249,0.10393249243497849,0.02007441781461239,4.07895040512085,0.036780159920454025,0.011527820490300655,0.038567423820495605,-0.8427215814590454,0.7916666865348816,0.9583333134651184,,,,,,,,,,,,,,,,,,
-0.821254551410675,0.816919207572937,0.9375,159,5279,,,,,,,,,,,,,,,,,,,,,,,,,,,
,,,160,5299,0.10307446867227554,0.01124267466366291,4.094160079956055,0.05680453032255173,0.014153683558106422,0.0324307382106781,-0.7845628261566162,0.8333333134651184,0.9583333134651184,,,,,,,,,,,,,,,,,,
,,,160,5299,,,,,,,,,,0.02653156779706478,4.070718288421631,0.04603506624698639,0.013348815031349659,0.04204004257917404,-0.5435384511947632,0.7450000047683716,0.9350000023841858,0.4068581759929657,0.03016560524702072,4.077060699462891,0.04293016344308853,0.013357063755393028,0.0424957200884819,-0.5002565383911133,0.7063853144645691,0.9173160791397095,0.3615463078022003
-0.9037493467330933,0.8434343338012695,0.9646464586257935,160,5312,,,,,,,,,,,,,,,,,,,,,,,,,,,
-0.837001383304596,0.8295454382896423,0.9488636255264282,161,5345,,,,,,,,,,,,,,,,,,,,,,,,,,,
,,,162,5349,0.10221214592456818,0.0068325381726026535,3.999549388885498,0.035105325281620026,0.00953691266477108,0.024922586977481842,-0.7317911386489868,0.7916666865348816,0.875,,,,,,,,,,,,,,,,,,
-0.8724022507667542,0.8308081030845642,0.9507575631141663,162,5378,,,,,,,,,,,,,,,,,,,,,,,,,,,
,,,163,5399,0.10134566575288773,0.012952050194144249,4.076963424682617,0.02968280017375946,0.009540976956486702,0.02845424972474575,-0.555167555809021,0.625,0.9583333134651184,,,,,,,,,,,,,,,,,,
,,,163,5399,,,,,,,,,,0.026186440140008926,4.074944972991943,0.04339813068509102,0.012738637626171112,0.04047330841422081,-0.5678673386573792,0.7400000095367432,0.9399999976158142,0.39597153663635254,0.028893131762742996,4.083096504211426,0.0407596156001091,0.012844922952353954,0.04093702509999275,-0.5158772468566895,0.7066848278045654,0.9197144508361816,0.3587002456188202
-0.8732433915138245,0.8257575631141663,0.9551767706871033,163,5411,,,,,,,,,,,,,,,,,,,,,,,,,,,
-0.892819881439209,0.8421717286109924,0.9551767706871033,164,5444,,,,,,,,,,,,,,,,,,,,,,,,,,,
,,,165,5449,0.10047515481710434,0.008341936394572258,3.913140058517456,0.03900261968374252,0.010715597309172153,0.02781030349433422,-0.8890721797943115,0.8333333134651184,0.9166666865348816,,,,,,,,,,,,,,,,,,
-0.8701133131980896,0.8484848737716675,0.9444444179534912,165,5477,,,,,,,,,,,,,,,,,,,,,,,,,,,
,,,166,5499,0.09960074722766876,0.0703759491443634,4.001786231994629,0.03155269846320152,0.008583806455135345,0.047266885638237,-0.6464314460754395,0.6666666865348816,0.9166666865348816,,,,,,,,,,,,,,,,,,
,,,166,5499,,,,,,,,,,0.02031022310256958,4.085809707641602,0.040374428033828735,0.01131859514862299,0.03675879165530205,-0.5704943537712097,0.7450000047683716,0.9350000023841858,0.3873978555202484,0.025724630802869797,4.092584609985352,0.037966497242450714,0.01147615909576416,0.037971727550029755,-0.5228234529495239,0.7044864892959595,0.9179159998893738,0.35533463954925537
-0.9043956995010376,0.8503788113594055,0.9482323527336121,166,5510,,,,,,,,,,,,,,,,,,,,,,,,,,,
-0.8684650659561157,0.814393937587738,0.940025269985199,167,5543,,,,,,,,,,,,,,,,,,,,,,,,,,,
,,,168,5549,0.09872256964445114,0.011737391352653503,3.97282075881958,0.04080316424369812,0.012450143694877625,0.034241605550050735,-1.123704433441162,0.9166666865348816,0.9583333134651184,,,,,,,,,,,,,,,,,,
-0.8546594381332397,0.8137626051902771,0.9444444179534912,168,5576,,,,,,,,,,,,,,,,,,,,,,,,,,,
,,,169,5599,0.09784077107906342,0.004853200167417526,4.003625392913818,0.025658804923295975,0.008973287418484688,0.020947571843862534,-1.0307505130767822,0.875,0.9583333134651184,,,,,,,,,,,,,,,,,,
,,,169,5599,,,,,,,,,,0.021812818944454193,4.089921474456787,0.038203801959753036,0.010693889111280441,0.03621317446231842,-0.5824747085571289,0.7450000047683716,0.9350000023841858,0.3834613561630249,0.024326622486114502,4.0987324714660645,0.03618911653757095,0.010907052084803581,0.036520686000585556,-0.5433791279792786,0.7077838778495789,0.9185153841972351,0.352590948343277
-0.8471323847770691,0.8162878751754761,0.9431818127632141,169,5609,,,,,,,,,,,,,,,,,,,,,,,,,,,
-0.882106602191925,0.8295454382896423,0.940025269985199,170,5642,,,,,,,,,,,,,,,,,,,,,,,,,,,
,,,171,5649,0.09695547819137573,0.006406431086361408,3.9887499809265137,0.026374738663434982,0.00723839458078146,0.022241586819291115,-1.1755772829055786,0.875,0.9583333134651184,,,,,,,,,,,,,,,,,,
-0.9234997034072876,0.8440656661987305,0.9570707082748413,171,5675,,,,,,,,,,,,,,,,,,,,,,,,,,,
,,,172,5699,0.09606681764125824,0.00462309829890728,4.034917831420898,0.02860514260828495,0.009359434247016907,0.021948697045445442,-1.1032495498657227,0.9583333134651184,0.9583333134651184,,,,,,,,,,,,,,,,,,
