LAMDA_epoch,LAMDA_step,epoch,lr,perturb_distance_epoch,perturb_distance_step,step,test_DIV_LOSS,test_acc,test_ece,test_loss,train_DIV_LOSS_epoch,train_DIV_LOSS_step,train_acc_epoch,train_acc_step,train_loss_epoch,train_loss_step,val_DIV_LOSS,val_acc,val_ece,val_loss
3.0139389038085938,,0,,0.028973009437322617,,40,,,,,2.095423698425293,,0.44207316637039185,,1.2632791996002197,,,,,
,3.956164836883545,1,0.09799999743700027,,0.06304582953453064,49,,,,,,0.5356491804122925,,0.4583333432674408,,1.062831997871399,,,,
,,1,,,,49,0.27596381306648254,0.3536110818386078,0.3117823600769043,1.256012201309204,,,,,,,0.14775530993938446,0.6299999952316284,0.2394847869873047,0.8389105796813965
4.597395420074463,,1,,0.06066250056028366,,81,,,,,0.23917201161384583,,0.5873983502388,,0.9589443802833557,,,,,
,5.0,2,0.1979999989271164,,0.07498925179243088,99,,,,,,0.14584428071975708,,0.7083333134651184,,0.8406021595001221,,,,
,,2,,,,99,0.19894149899482727,0.5313889384269714,0.2700418531894684,1.1626931428909302,,,,,,,0.1947619765996933,0.675000011920929,0.20656627416610718,0.6376876831054688
5.0,,2,,0.07800503075122833,,122,,,,,0.17220692336559296,,0.6412601470947266,,0.8543936610221863,,,,,
,5.0,3,0.2980000078678131,,0.08344218134880066,149,,,,,,0.27768969535827637,,0.6666666865348816,,0.7551453113555908,,,,
,,3,,,,149,0.3331901431083679,0.5519444942474365,0.29304271936416626,1.1877284049987793,,,,,,,0.18673597276210785,0.6000000238418579,0.2649620473384857,0.7369347214698792
5.0,,3,,0.09226353466510773,,163,,,,,0.32035791873931885,,0.6168699264526367,,0.9090710878372192,,,,,
,5.0,4,0.39800000190734863,,0.10433845221996307,199,,,,,,0.2892606258392334,,0.4166666567325592,,1.447044014930725,,,,
,,4,,,,199,0.14446480572223663,0.3697222173213959,0.3001213073730469,1.4752204418182373,,,,,,,0.07679145783185959,0.5450000166893005,0.2422506958246231,1.1115281581878662
5.0,,4,,0.10790930688381195,,204,,,,,0.40261155366897583,,0.5294715166091919,,1.165773868560791,,,,,
5.0,,5,,0.09692884236574173,,245,,,,,0.1760832667350769,,0.27642276883125305,,1.832305669784546,,,,,
,5.0,6,0.49799999594688416,,0.10512980073690414,249,,,,,,0.07774721831083298,,0.2083333283662796,,1.6497505903244019,,,,
,,6,,,,249,0.11420051753520966,0.2197222113609314,0.38735777139663696,1.8366107940673828,,,,,,,0.06947251409292221,0.4350000023841858,0.19899386167526245,1.5260593891143799
5.0,,6,,0.08461974561214447,,286,,,,,0.2546612322330475,,0.31707316637039185,,1.547529697418213,,,,,
,5.0,7,0.5979999899864197,,0.10706067085266113,299,,,,,,0.033171843737363815,,0.375,,1.7886956930160522,,,,
,,7,,,,299,0.014429430477321148,0.3119444251060486,0.45670807361602783,1.777153730392456,,,,,,,0.012024236842989922,0.1850000023841858,0.5753059983253479,2.120248317718506
5.0,,7,,0.08357640355825424,,327,,,,,0.2470729649066925,,0.3008130192756653,,1.6324564218521118,,,,,
,5.0,8,0.6980000138282776,,0.0942097157239914,349,,,,,,0.059304237365722656,,0.375,,1.2888545989990234,,,,
,,8,,,,349,0.002244710922241211,0.2197222113609314,0.23466914892196655,1.4291554689407349,,,,,,,0.002345656044781208,0.4350000023841858,0.28541767597198486,1.2978079319000244
5.0,,8,,0.083580382168293,,368,,,,,0.025898313149809837,,0.2906503975391388,,1.4589987993240356,,,,,
,5.0,9,0.7979999780654907,,0.08002689480781555,399,,,,,,0.0001490908325649798,,0.4166666567325592,,1.3253334760665894,,,,
,,9,,,,399,0.00013897208555135876,0.3763888478279114,0.08011286705732346,1.3757894039154053,,,,,,,0.0001337563298875466,0.3149999976158142,0.1217433288693428,1.5428874492645264
5.0,,9,,0.0766468346118927,,409,,,,,0.008755776099860668,,0.29471543431282043,,1.4098094701766968,,,,,
,5.0,10,0.8980000019073486,,0.06465661525726318,449,,,,,,0.019319983199238777,,0.5,,1.346619963645935,,,,
,,10,,,,449,0.008328226394951344,0.2197222113609314,0.3224000334739685,1.5703685283660889,,,,,,,0.002790061291307211,0.4350000023841858,0.1803876906633377,1.3480583429336548
5.0,,10,,0.0708225667476654,,450,,,,,0.009062412194907665,,0.33739838004112244,,1.439245343208313,,,,,
5.0,,11,,0.0712241604924202,,491,,,,,0.028195057064294815,,0.3201219439506531,,1.528947114944458,,,,,
,5.0,12,0.9980000257492065,,0.06283315271139145,499,,,,,,0.020313240587711334,,0.1666666716337204,,2.159043550491333,,,,
,,12,,,,499,0.07775509357452393,0.2197222113609314,0.5464103817939758,2.222109794616699,,,,,,,0.05502279847860336,0.4350000023841858,0.33259978890419006,1.642520546913147
4.99990701675415,,12,,0.06360091269016266,,532,,,,,0.021926861256361008,,0.30691057443618774,,1.7642645835876465,,,,,
,5.0,13,0.9998144507408142,,0.06376437842845917,549,,,,,,0.002706420375034213,,0.375,,1.495341420173645,,,,
,,13,,,,549,0.0017102096462622285,0.2197222113609314,0.33572205901145935,1.7273885011672974,,,,,,,0.0011476086219772696,0.4350000023841858,0.16144119203090668,1.4579464197158813
5.0,,13,,0.06620476394891739,,573,,,,,0.004605570808053017,,0.3109756112098694,,1.4551019668579102,,,,,
,5.0,14,0.9992426633834839,,0.06966256350278854,599,,,,,,0.013964819721877575,,0.2083333283662796,,1.4070004224777222,,,,
,,14,,,,599,0.007259046193212271,0.3763888478279114,0.11687903851270676,1.3516536951065063,,,,,,,0.004771604668349028,0.3149999976158142,0.16552597284317017,1.2783362865447998
5.0,,14,,0.060391079634428024,,614,,,,,0.0076474701054394245,,0.309959352016449,,1.462746262550354,,,,,
,5.0,15,0.9982849955558777,,0.05506110191345215,649,,,,,,0.0034423822071403265,,0.25,,1.3077077865600586,,,,
,,15,,,,649,0.0022077711764723063,0.2197222113609314,0.14229634404182434,1.3267765045166016,,,,,,,0.0017704319907352328,0.4350000023841858,0.10641448199748993,1.2359037399291992
5.0,,15,,0.06477268785238266,,655,,,,,0.009185395203530788,,0.3008130192756653,,1.4213190078735352,,,,,
5.0,,16,,0.05741482228040695,,696,,,,,0.0027812994085252285,,0.3018292784690857,,1.3376024961471558,,,,,
,5.0,17,0.9969422221183777,,0.04929788410663605,699,,,,,,0.004030573181807995,,0.4166666567325592,,1.3357971906661987,,,,
,,17,,,,699,0.01702987030148506,0.2197222113609314,0.41647568345069885,1.6905293464660645,,,,,,,0.011320940218865871,0.4350000023841858,0.2181006222963333,1.3660969734191895
5.0,,17,,0.06332729011774063,,737,,,,,0.006643617060035467,,0.309959352016449,,1.3883209228515625,,,,,
,5.0,18,0.9952153563499451,,0.054072242230176926,749,,,,,,0.0033027620520442724,,0.2083333283662796,,1.41926109790802,,,,
,,18,,,,749,0.0023029865697026253,0.37805554270744324,0.08187349885702133,1.4572376012802124,,,,,,,0.0018830012995749712,0.4449999928474426,0.10997214913368225,1.3901175260543823
5.0,,18,,0.0615520216524601,,778,,,,,0.004914400167763233,,0.3008130192756653,,1.3798059225082397,,,,,
,5.0,19,0.9931057691574097,,0.05239984020590782,799,,,,,,0.0017521546687930822,,0.375,,1.1806588172912598,,,,
,,19,,,,799,0.003038311144337058,0.3763888478279114,0.08516926318407059,1.3131691217422485,,,,,,,0.00213001505471766,0.3149999976158142,0.12914139032363892,1.2724809646606445
5.0,,19,,0.06283343583345413,,819,,,,,0.004626454319804907,,0.2835365831851959,,1.3988499641418457,,,,,
,5.0,20,0.9906150698661804,,0.08125355839729309,849,,,,,,0.0016558326315134764,,0.3333333432674408,,1.385440468788147,,,,
,,20,,,,849,0.001956111518666148,0.3763888478279114,0.06743812561035156,1.31557035446167,,,,,,,0.0016299043782055378,0.3149999976158142,0.11956149339675903,1.383651614189148
5.0,,20,,0.06650650501251221,,860,,,,,0.017764082178473473,,0.2936991751194,,1.4449087381362915,,,,,
,5.0,21,0.9877451658248901,,0.05966725945472717,899,,,,,,0.0026288959197700024,,0.2916666567325592,,1.3807390928268433,,,,
,,21,,,,899,0.00366900023072958,0.3763888478279114,0.12565414607524872,1.3221765756607056,,,,,,,0.0028949370607733727,0.3149999976158142,0.1758151650428772,1.3184434175491333
5.0,,21,,0.07285790890455246,,901,,,,,0.004433552268892527,,0.3140243887901306,,1.3590999841690063,,,,,
5.0,,22,,0.058036886155605316,,942,,,,,0.003865082049742341,,0.30792683362960815,,1.381533145904541,,,,,
,5.0,23,0.9844983220100403,,0.05807724595069885,949,,,,,,0.0030367011204361916,,0.2083333283662796,,1.4066559076309204,,,,
,,23,,,,949,0.0026027343701571226,0.2197222113609314,0.13586227595806122,1.3342957496643066,,,,,,,0.0021431799978017807,0.4350000023841858,0.11967230588197708,1.2693414688110352
5.0,,23,,0.05804447829723358,,983,,,,,0.0026862341910600662,,0.29471543431282043,,1.3678584098815918,,,,,
,5.0,24,0.9808769822120667,,0.07084677368402481,999,,,,,,0.006870069541037083,,0.3333333432674408,,1.413366675376892,,,,
,,24,,,,999,0.006961639504879713,0.3119444251060486,0.0649620071053505,1.3139692544937134,,,,,,,0.006008356809616089,0.1850000023841858,0.18057434260845184,1.3133975267410278
5.0,,24,,0.06614748388528824,,1024,,,,,0.00928093958646059,,0.2997967600822449,,1.3690521717071533,,,,,
,5.0,25,0.9768840074539185,,0.061278145760297775,1049,,,,,,0.0009231561562046409,,0.125,,1.81830632686615,,,,
,,25,,,,1049,0.0006961016333661973,0.2197222113609314,0.23399271070957184,1.4912240505218506,,,,,,,0.0005115667590871453,0.4350000023841858,0.1160244271159172,1.289528489112854
5.0,,25,,0.05735594406723976,,1065,,,,,0.0038152041379362345,,0.3038617968559265,,1.4385833740234375,,,,,
,5.0,26,0.9725224375724792,,0.04921923577785492,1099,,,,,,0.003989185206592083,,0.375,,1.27009117603302,,,,
,,26,,,,1099,0.04300912842154503,0.3119444251060486,0.2943817675113678,1.4862805604934692,,,,,,,0.03190325200557709,0.1850000023841858,0.41222327947616577,1.784132719039917
5.0,,26,,0.055290743708610535,,1106,,,,,0.008484939113259315,,0.3130081295967102,,1.4982579946517944,,,,,
5.0,,27,,0.05022181570529938,,1147,,,,,0.008362089283764362,,0.28760161995887756,,1.4600478410720825,,,,,
,5.0,28,0.9677956700325012,,0.04954306408762932,1149,,,,,,0.012605483643710613,,0.1666666716337204,,1.5467828512191772,,,,
,,28,,,,1149,0.019063154235482216,0.13277776539325714,0.41680029034614563,1.7737401723861694,,,,,,,0.016933392733335495,0.30000001192092896,0.24538375437259674,1.6236141920089722
5.0,,28,,0.054239992052316666,,1188,,,,,0.02095765992999077,,0.3048780560493469,,1.5769656896591187,,,,,
,5.0,29,0.9627073407173157,,0.04281590133905411,1199,,,,,,0.006825600750744343,,0.2916666567325592,,1.5048080682754517,,,,
,,29,,,,1199,0.005081052426248789,0.3119444251060486,0.13289617002010345,1.329046368598938,,,,,,,0.003620006376877427,0.1850000023841858,0.27168118953704834,1.5096478462219238
5.0,,29,,0.048877350986003876,,1229,,,,,0.003870459971949458,,0.3018292784690857,,1.4197202920913696,,,,,
,5.0,30,0.9572614431381226,,0.057286422699689865,1249,,,,,,0.0028788193594664335,,0.3333333432674408,,1.3840891122817993,,,,
,,30,,,,1249,0.0023130327463150024,0.2197222113609314,0.222476065158844,1.3764150142669678,,,,,,,0.0016486661043018103,0.4350000023841858,0.141669362783432,1.257952094078064
5.0,,30,,0.05253292992711067,,1270,,,,,0.00835613813251257,,0.2997967600822449,,1.4251713752746582,,,,,
,5.0,31,0.9514620900154114,,0.054122477769851685,1299,,,,,,0.008335016667842865,,0.125,,1.3443527221679688,,,,
,,31,,,,1299,0.010064560920000076,0.3119444251060486,0.24214516580104828,1.4032402038574219,,,,,,,0.0026728990487754345,0.1850000023841858,0.2357785552740097,1.3370749950408936
5.0,,31,,0.05573219060897827,,1311,,,,,0.006032630801200867,,0.30894309282302856,,1.4147558212280273,,,,,
,5.0,32,0.9453138113021851,,0.05639934167265892,1349,,,,,,0.00583222508430481,,0.25,,1.5187616348266602,,,,
,,32,,,,1349,0.029285931959748268,0.12083332985639572,0.36666980385780334,1.5433558225631714,,,,,,,0.0025832883547991514,0.3149999976158142,0.12783174216747284,1.3009968996047974
5.0,,32,,0.05773727968335152,,1352,,,,,0.004319183528423309,,0.31605690717697144,,1.4169764518737793,,,,,
5.0,,33,,0.05705096572637558,,1393,,,,,0.00447864830493927,,0.29573169350624084,,1.4703022241592407,,,,,
,5.0,34,0.9388213157653809,,0.05309010669589043,1399,,,,,,0.003842738224193454,,0.375,,1.277636170387268,,,,
,,34,,,,1399,0.005149851553142071,0.2197222113609314,0.2831633388996124,1.462844967842102,,,,,,,0.0032195658423006535,0.4350000023841858,0.1366976499557495,1.2264044284820557
5.0,,34,,0.05297354981303215,,1434,,,,,0.0032535260543227196,,0.29471543431282043,,1.3876335620880127,,,,,
,5.0,35,0.9319897294044495,,0.05734314024448395,1449,,,,,,0.010608954355120659,,0.4583333432674408,,1.5048127174377441,,,,
,,35,,,,1449,0.025578297674655914,0.2197222113609314,0.5393316149711609,2.122018337249756,,,,,,,0.014783333986997604,0.4350000023841858,0.3245105743408203,1.6674699783325195
5.0,,35,,0.053706094622612,,1475,,,,,0.009210634045302868,,0.3038617968559265,,1.540052890777588,,,,,
,5.0,36,0.9248242378234863,,0.05045449361205101,1499,,,,,,0.0006993207498453557,,0.0833333358168602,,1.4839109182357788,,,,
,,36,,,,1499,0.0010763067984953523,0.09194444864988327,0.2226083129644394,1.4878501892089844,,,,,,,0.0008993925293907523,0.06499999761581421,0.2538771331310272,1.4155975580215454
5.0,,36,,0.049439601600170135,,1516,,,,,0.0044945478439331055,,0.27743902802467346,,1.4618709087371826,,,,,
,5.0,37,0.9173303842544556,,0.056916724890470505,1549,,,,,,0.004619098734110594,,0.25,,1.4515869617462158,,,,
,,37,,,,1549,0.0020151142962276936,0.3763888478279114,0.0721249207854271,1.3072478771209717,,,,,,,0.0016705126035958529,0.3149999976158142,0.12085327506065369,1.4682224988937378
5.0,,37,,0.046393368393182755,,1557,,,,,0.004200304392725229,,0.2896341383457184,,1.4790781736373901,,,,,
5.0,,38,,0.053300585597753525,,1598,,,,,0.003223692998290062,,0.3028455376625061,,1.4348925352096558,,,,,
,5.0,39,0.9095140099525452,,0.06025809049606323,1599,,,,,,0.0026498069055378437,,0.3333333432674408,,1.340625286102295,,,,
,,39,,,,1599,0.004167212639003992,0.304999977350235,0.12174671143293381,1.4956587553024292,,,,,,,0.0029832315631210804,0.1850000023841858,0.2431175410747528,1.3908722400665283
5.0,,39,,0.056019484996795654,,1639,,,,,0.0037786008324474096,,0.3211382031440735,,1.367185354232788,,,,,
,5.0,40,0.9013811349868774,,0.0583292655646801,1649,,,,,,0.023413199931383133,,0.2916666567325592,,1.5887370109558105,,,,
,,40,,,,1649,0.007778913248330355,0.30222219228744507,0.25063851475715637,1.4147928953170776,,,,,,,0.0045126257464289665,0.17000000178813934,0.3382522463798523,1.3990261554718018
5.0,,40,,0.053117308765649796,,1680,,,,,0.006395142525434494,,0.33028456568717957,,1.3517128229141235,,,,,
,5.0,41,0.8929380178451538,,0.04417352378368378,1699,,,,,,0.0014743709471076727,,0.3333333432674408,,1.45795476436615,,,,
,,41,,,,1699,0.014104869216680527,0.2197222113609314,0.26412901282310486,1.4060919284820557,,,,,,,0.00668352423235774,0.4350000023841858,0.14518389105796814,1.1654301881790161
4.999942302703857,,41,,0.04484763368964195,,1721,,,,,0.005741444882005453,,0.3424796760082245,,1.334837555885315,,,,,
,5.0,42,0.8841912150382996,,0.06289965659379959,1749,,,,,,0.0009377056267112494,,0.25,,1.42681884765625,,,,
,,42,,,,1749,0.0017032456817105412,0.43833333253860474,0.11347765475511551,1.1863446235656738,,,,,,,0.0011837867787107825,0.35499998927116394,0.13877099752426147,1.2588818073272705
5.0,,42,,0.052240338176488876,,1762,,,,,0.01292145811021328,,0.3323170840740204,,1.3718268871307373,,,,,
,5.0,43,0.8751474618911743,,0.0500016063451767,1799,,,,,,0.03818202018737793,,0.5833333134651184,,0.9595414400100708,,,,
,,43,,,,1799,0.049391962587833405,0.31611108779907227,0.21371585130691528,1.5654799938201904,,,,,,,0.01842477172613144,0.20999999344348907,0.30260083079338074,1.4238961935043335
5.0,,43,,0.06314428150653839,,1803,,,,,0.010558304376900196,,0.3353658616542816,,1.4008992910385132,,,,,
5.0,,44,,0.0619327537715435,,1844,,,,,0.00704099889844656,,0.35873982310295105,,1.3053840398788452,,,,,
,5.0,45,0.8658137321472168,,0.0729769766330719,1849,,,,,,0.005221068859100342,,0.4583333432674408,,1.2359845638275146,,,,
,,45,,,,1849,0.0059431507252156734,0.3383333384990692,0.17954793572425842,1.2079522609710693,,,,,,,0.0018709476571530104,0.26499998569488525,0.19100193679332733,1.2693116664886475
5.0,,45,,0.060722582042217255,,1885,,,,,0.0071240696124732494,,0.3648374080657959,,1.3220653533935547,,,,,
,5.0,46,0.8561973571777344,,0.06785481423139572,1899,,,,,,0.004782832693308592,,0.3333333432674408,,1.5991382598876953,,,,
,,46,,,,1899,0.023529445752501488,0.3683333098888397,0.39392730593681335,1.6694599390029907,,,,,,,0.014107104390859604,0.23000000417232513,0.48303404450416565,1.652769923210144
5.0,,46,,0.0487244576215744,,1926,,,,,0.007382123731076717,,0.33739838004112244,,1.289845585823059,,,,,
,5.0,47,0.8463056087493896,,0.05213753506541252,1949,,,,,,0.0017279315507039428,,0.4583333432674408,,1.1839113235473633,,,,
,,47,,,,1949,0.0011871675960719585,0.429999977350235,0.09796661883592606,1.2167795896530151,,,,,,,0.0005121715948916972,0.36000001430511475,0.1475340574979782,1.1452035903930664
5.0,,47,,0.046174392104148865,,1967,,,,,0.009722228161990643,,0.3455284535884857,,1.3256608247756958,,,,,
,5.0,48,0.8361462354660034,,0.053071536123752594,1999,,,,,,0.0015425162855535746,,0.4583333432674408,,1.2766063213348389,,,,
,,48,,,,1999,0.0016186620341613889,0.34888890385627747,0.18262703716754913,1.2130800485610962,,,,,,,0.0007031129789538682,0.25999999046325684,0.1914328634738922,1.2394770383834839
5.0,,48,,0.05018361657857895,,2008,,,,,0.011972945183515549,,0.35772356390953064,,1.3058680295944214,,,,,
,5.0,49,0.8257270455360413,,0.059967439621686935,2049,,,,,,0.010543386451900005,,0.4583333432674408,,1.1811257600784302,,,,
,,49,,,,2049,0.01658543385565281,0.3405555188655853,0.2634586691856384,1.3163559436798096,,,,,,,0.006535111460834742,0.28999999165534973,0.21502342820167542,1.164848804473877
5.0,,49,,0.055289432406425476,,2049,,,,,0.007113239727914333,,0.3516260087490082,,1.267859697341919,,,,,
5.0,,50,,0.05468049645423889,,2090,,,,,0.007462705485522747,,0.35772356390953064,,1.2658419609069824,,,,,
,5.0,51,0.8150561451911926,,0.0776858851313591,2099,,,,,,0.0012676682090386748,,0.2916666567325592,,1.256689429283142,,,,
,,51,,,,2099,0.004092439543455839,0.33916664123535156,0.304141104221344,1.3607017993927002,,,,,,,0.0022556656040251255,0.36500000953674316,0.23784011602401733,1.1755503416061401
5.0,,51,,0.052551619708538055,,2131,,,,,0.009029151871800423,,0.4075203239917755,,1.2357902526855469,,,,,
,5.0,52,0.8041417002677917,,0.05437679588794708,2149,,,,,,0.003351280465722084,,0.4166666567325592,,1.1702162027359009,,,,
,,52,,,,2149,0.005198473110795021,0.36416664719581604,0.3941552937030792,1.5088764429092407,,,,,,,0.0028438917361199856,0.23000000417232513,0.37104350328445435,1.4146530628204346
5.0,,52,,0.0641079768538475,,2172,,,,,0.004428736865520477,,0.3455284535884857,,1.2806364297866821,,,,,
,5.0,53,0.7929922342300415,,0.07185249030590057,2199,,,,,,0.013664372265338898,,0.3333333432674408,,1.4007281064987183,,,,
,,53,,,,2199,0.010091065429151058,0.3336111009120941,0.3752362132072449,1.5617849826812744,,,,,,,0.004751760046929121,0.3400000035762787,0.2559487819671631,1.2396960258483887
5.0,,53,,0.07186797261238098,,2213,,,,,0.005380569491535425,,0.36788618564605713,,1.270511507987976,,,,,
,5.0,54,0.7816162705421448,,0.08297139406204224,2249,,,,,,0.007690038066357374,,0.5,,1.0490976572036743,,,,
,,54,,,,2249,0.0036438980605453253,0.3633333146572113,0.1460895836353302,1.3356505632400513,,,,,,,0.00413575628772378,0.5350000262260437,0.14310473203659058,1.0643959045410156
5.0,,54,,0.06426031142473221,,2254,,,,,0.004568937234580517,,0.36788618564605713,,1.273453950881958,,,,,
5.0,,55,,0.07087618857622147,,2295,,,,,0.009718114510178566,,0.396341472864151,,1.263424038887024,,,,,
,5.0,56,0.7700226902961731,,0.08214864879846573,2299,,,,,,0.06083420664072037,,0.375,,1.1249439716339111,,,,
,,56,,,,2299,0.009967681020498276,0.26055556535720825,0.26887375116348267,1.3379744291305542,,,,,,,0.005135227460414171,0.48500001430511475,0.19205613434314728,1.0689115524291992
5.0,,56,,0.06352809816598892,,2336,,,,,0.007880143821239471,,0.38821136951446533,,1.2714825868606567,,,,,
,5.0,57,0.758220374584198,,0.05820533260703087,2349,,,,,,0.0019656165968626738,,0.25,,1.2365214824676514,,,,
,,57,,,,2349,0.0025114715099334717,0.3305555284023285,0.21555081009864807,1.3165335655212402,,,,,,,0.0007439348846673965,0.3799999952316284,0.18479594588279724,1.1207424402236938
5.0,,57,,0.056746479123830795,,2377,,,,,0.0183330737054348,,0.39126017689704895,,1.214922547340393,,,,,
,5.0,58,0.7462185025215149,,0.06755165010690689,2399,,,,,,0.020357871428132057,,0.5416666865348816,,1.0756877660751343,,,,
,,58,,,,2399,0.006306747905910015,0.2822222113609314,0.37895116209983826,1.5073007345199585,,,,,,,0.008044727146625519,0.5,0.2111693173646927,1.0663527250289917
5.0,,58,,0.060655463486909866,,2418,,,,,0.005008363630622625,,0.3983739912509918,,1.200966238975525,,,,,
,5.0,59,0.734026312828064,,0.06276166439056396,2449,,,,,,0.0011449471348896623,,0.4166666567325592,,1.305860996246338,,,,
,,59,,,,2449,0.002370451344177127,0.2755555510520935,0.22009333968162537,1.3305354118347168,,,,,,,0.003157238010317087,0.5600000023841858,0.19120502471923828,0.9766374230384827
5.0,,59,,0.05681370198726654,,2459,,,,,0.0030016114469617605,,0.40955284237861633,,1.1929198503494263,,,,,
,5.0,60,0.7216532826423645,,0.055745020508766174,2499,,,,,,0.0015448099002242088,,0.4583333432674408,,1.0862541198730469,,,,
,,60,,,,2499,0.0035824596416205168,0.3349999785423279,0.3174132704734802,1.3737083673477173,,,,,,,0.0011676234425976872,0.3449999988079071,0.18382753431797028,1.0970375537872314
5.0,,60,,0.057568252086639404,,2500,,,,,0.004335593897849321,,0.4451219439506531,,1.1622861623764038,,,,,
5.0,,61,,0.05484084039926529,,2541,,,,,0.011877606622874737,,0.4298780560493469,,1.1698423624038696,,,,,
,5.0,62,0.7091089487075806,,0.07029552757740021,2549,,,,,,0.03705887869000435,,0.4583333432674408,,1.1050423383712769,,,,
,,62,,,,2549,0.018465837463736534,0.36000001430511475,0.4057769179344177,1.5795284509658813,,,,,,,0.004847351927310228,0.33000001311302185,0.28033602237701416,1.2163710594177246
5.0,,62,,0.06035842001438141,,2582,,,,,0.017369545996189117,,0.413617879152298,,1.2078133821487427,,,,,
,5.0,63,0.6964029669761658,,0.05722792446613312,2599,,,,,,0.0003092006081715226,,0.375,,1.22859787940979,,,,
,,63,,,,2599,0.0005107795586809516,0.2849999964237213,0.23950442671775818,1.2992113828659058,,,,,,,0.0004928593407385051,0.5600000023841858,0.22235770523548126,1.0038187503814697
5.0,,63,,0.06110287830233574,,2623,,,,,0.00045962375588715076,,0.40142276883125305,,1.2344002723693848,,,,,
,5.0,64,0.6835451722145081,,0.06577062606811523,2649,,,,,,0.001287244725972414,,0.5416666865348816,,1.1296085119247437,,,,
,,64,,,,2649,0.0034524172078818083,0.29472222924232483,0.2787226438522339,1.3416450023651123,,,,,,,0.0031226284336298704,0.47999998927116394,0.24495235085487366,1.0164215564727783
5.0,,64,,0.05812636390328407,,2664,,,,,0.0019138315692543983,,0.3861788511276245,,1.3047960996627808,,,,,
,5.0,65,0.6705455183982849,,0.056849151849746704,2699,,,,,,0.0007019978947937489,,0.4583333432674408,,1.4098725318908691,,,,
,,65,,,,2699,0.0015342169208452106,0.3377777636051178,0.3273661434650421,1.3559393882751465,,,,,,,0.0019480318296700716,0.4650000035762787,0.2149570882320404,1.091711401939392
5.0,,65,,0.06009240821003914,,2705,,,,,0.002296007703989744,,0.41260161995887756,,1.219281792640686,,,,,
5.0,,66,,0.05682964622974396,,2746,,,,,0.005216662306338549,,0.39939025044441223,,1.2374778985977173,,,,,
,5.0,67,0.6574140787124634,,0.05108045041561127,2749,,,,,,0.0042075905948877335,,0.3333333432674408,,1.3182008266448975,,,,
,,67,,,,2749,0.0036217838060110807,0.4300000071525574,0.18560168147087097,1.358617901802063,,,,,,,0.0020635852124542,0.5350000262260437,0.17520026862621307,0.9977498054504395
5.0,,67,,0.058791983872652054,,2787,,,,,0.0025846560019999743,,0.396341472864151,,1.2356468439102173,,,,,
,5.0,68,0.6441609859466553,,0.055994659662246704,2799,,,,,,0.0009418843546882272,,0.375,,1.2530488967895508,,,,
,,68,,,,2799,0.0024996118154376745,0.26194441318511963,0.30400311946868896,1.4442991018295288,,,,,,,0.0027491822838783264,0.5199999809265137,0.23421820998191833,0.9904724955558777
5.0,,68,,0.06107112392783165,,2828,,,,,0.003994090016931295,,0.4369918704032898,,1.1989654302597046,,,,,
,5.0,69,0.630796492099762,,0.059080570936203,2849,,,,,,0.0047547826543450356,,0.5416666865348816,,1.149981141090393,,,,
,,69,,,,2849,0.01294742152094841,0.2797222137451172,0.27150318026542664,1.4017096757888794,,,,,,,0.01961400918662548,0.5849999785423279,0.21942324936389923,0.8696223497390747
5.0,,69,,0.06029171124100685,,2869,,,,,0.01648011989891529,,0.44308942556381226,,1.16334068775177,,,,,
,5.0,70,0.6173308491706848,,0.06781876087188721,2899,,,,,,0.0028400877490639687,,0.375,,1.1515614986419678,,,,
,,70,,,,2899,0.0025893705897033215,0.33916664123535156,0.3559797406196594,1.4401167631149292,,,,,,,0.0007742135203443468,0.5199999809265137,0.1892390102148056,1.0077000856399536
5.0,,70,,0.05928381159901619,,2910,,,,,0.005663346033543348,,0.4268292784690857,,1.2542301416397095,,,,,
,5.0,71,0.6037745475769043,,0.07386930286884308,2949,,,,,,-5.655226414091885e-05,,0.2083333283662796,,1.4545012712478638,,,,
,,71,,,,2949,0.0004436659219209105,0.3036111295223236,0.24976103007793427,1.2921255826950073,,,,,,,0.0001357842847937718,0.5849999785423279,0.24165289103984833,0.9504557251930237
5.0,,71,,0.06332036852836609,,2951,,,,,0.006171147804707289,,0.4065040647983551,,1.2404884099960327,,,,,
5.0,,72,,0.06556399166584015,,2992,,,,,0.005277751944959164,,0.45426830649375916,,1.1560308933258057,,,,,
,5.0,73,0.5901380181312561,,0.058139484375715256,2999,,,,,,0.0009416107786819339,,0.25,,1.2608015537261963,,,,
,,73,,,,2999,0.002332288073375821,0.356666624546051,0.2409949153661728,1.3382091522216797,,,,,,,0.0009280425147153437,0.5,0.1366262286901474,0.9543049335479736
5.0,,73,,0.06197710335254669,,3033,,,,,0.004603107925504446,,0.46544715762138367,,1.1482371091842651,,,,,
,5.0,74,0.5764318704605103,,0.05767471343278885,3049,,,,,,0.08812634646892548,,0.4583333432674408,,1.4966524839401245,,,,
,,74,,,,3049,0.005039045587182045,0.28416669368743896,0.3624512851238251,1.5395218133926392,,,,,,,0.007127017248421907,0.6050000190734863,0.24890969693660736,0.9673583507537842
5.0,,74,,0.056000202894210815,,3074,,,,,0.014129661954939365,,0.4268292784690857,,1.2162655591964722,,,,,
,5.0,75,0.5626665949821472,,0.0446111224591732,3099,,,,,,0.002666686661541462,,0.3333333432674408,,1.3454252481460571,,,,
,,75,,,,3099,0.002030456904321909,0.36500003933906555,0.1696663796901703,1.2999001741409302,,,,,,,0.0013670958578586578,0.6499999761581421,0.22181333601474762,0.8513022661209106
5.0,,75,,0.05519488826394081,,3115,,,,,0.0025797563139349222,,0.4156503975391388,,1.2035900354385376,,,,,
,5.0,76,0.5488529205322266,,0.058403708040714264,3149,,,,,,0.00017573198419995606,,0.5,,1.1027382612228394,,,,
,,76,,,,3149,0.0015070417430251837,0.3036111295223236,0.25655344128608704,1.3080681562423706,,,,,,,0.0019331228686496615,0.6100000143051147,0.21246227622032166,0.8939514756202698
5.0,,76,,0.061683498322963715,,3156,,,,,0.0027215227019041777,,0.46341463923454285,,1.129126787185669,,,,,
5.0,,77,,0.05965254455804825,,3197,,,,,0.008666472509503365,,0.44105690717697144,,1.1694271564483643,,,,,
,5.0,78,0.5350015163421631,,0.054591089487075806,3199,,,,,,0.002600844018161297,,0.625,,0.8014295697212219,,,,
,,78,,,,3199,0.005151255056262016,0.35999998450279236,0.4354195296764374,1.6778817176818848,,,,,,,0.0025813747197389603,0.4350000023841858,0.2987767159938812,1.2040698528289795
5.0,,78,,0.056623537093400955,,3238,,,,,0.009896631352603436,,0.48475611209869385,,1.1190218925476074,,,,,
,5.0,79,0.5211229920387268,,0.06947623193264008,3249,,,,,,0.0026360079646110535,,0.375,,0.9568053483963013,,,,
,,79,,,,3249,0.008775663562119007,0.34416666626930237,0.2971644699573517,1.406019687652588,,,,,,,0.005924912169575691,0.5799999833106995,0.20884603261947632,0.8923182487487793
5.0,,79,,0.057621896266937256,,3279,,,,,0.01309970673173666,,0.461382120847702,,1.1089446544647217,,,,,
,5.0,80,0.5072281956672668,,0.05240301415324211,3299,,,,,,0.008897139690816402,,0.4583333432674408,,1.0431674718856812,,,,
,,80,,,,3299,0.007127603515982628,0.40194445848464966,0.20939503610134125,1.331324815750122,,,,,,,0.004328903276473284,0.5849999785423279,0.14622972905635834,0.8166779279708862
5.0,,80,,0.055673856288194656,,3320,,,,,0.028857963159680367,,0.4878048896789551,,1.1013044118881226,,,,,
,5.0,81,0.493327796459198,,0.04828188940882683,3349,,,,,,0.00035646441392600536,,0.2916666567325592,,1.3919494152069092,,,,
,,81,,,,3349,0.003542858874425292,0.32249993085861206,0.3278902471065521,1.3946576118469238,,,,,,,0.002192441839724779,0.6349999904632568,0.2379867136478424,0.8490113019943237
5.0,,81,,0.05586404353380203,,3361,,,,,0.006984066683799028,,0.4664634168148041,,1.1337426900863647,,,,,
,5.0,82,0.4794325530529022,,0.06853099167346954,3399,,,,,,0.0013332609087228775,,0.5416666865348816,,1.0667271614074707,,,,
,,82,,,,3399,0.0011499352985993028,0.3538888692855835,0.2096463143825531,1.2783831357955933,,,,,,,0.0005357835907489061,0.6600000262260437,0.2369125932455063,0.899665117263794
5.0,,82,,0.05960952863097191,,3402,,,,,0.006943780928850174,,0.4664634168148041,,1.1172081232070923,,,,,
5.0,,83,,0.06221485510468483,,3443,,,,,0.005986907985061407,,0.47256097197532654,,1.1294269561767578,,,,,
,5.0,84,0.4655531942844391,,0.07542578130960464,3449,,,,,,0.0008367711561731994,,0.625,,0.9253351092338562,,,,
,,84,,,,3449,0.005088058765977621,0.32944440841674805,0.3286641538143158,1.4016615152359009,,,,,,,0.001233321032486856,0.6399999856948853,0.21465367078781128,0.8420210480690002
5.0,,84,,0.05996812880039215,,3484,,,,,0.017324432730674744,,0.46544715762138367,,1.1189720630645752,,,,,
,5.0,85,0.45170047879219055,,0.053618863224983215,3499,,,,,,0.001769580296240747,,0.4583333432674408,,1.116215705871582,,,,
,,85,,,,3499,0.003077648114413023,0.3175000250339508,0.2904168665409088,1.3620057106018066,,,,,,,0.0009588416432961822,0.6100000143051147,0.18721306324005127,0.8541080355644226
5.0,,85,,0.05895095318555832,,3525,,,,,0.00908140279352665,,0.47357723116874695,,1.1237266063690186,,,,,
,5.0,86,0.4378850758075714,,0.04620940983295441,3549,,,,,,0.041528280824422836,,0.5,,1.092657208442688,,,,
,,86,,,,3549,0.018771132454276085,0.363611102104187,0.32267484068870544,1.443715214729309,,,,,,,0.013398750685155392,0.550000011920929,0.20653334259986877,0.9183976650238037
5.0,,86,,0.05501219257712364,,3566,,,,,0.009241514839231968,,0.47256097197532654,,1.1184059381484985,,,,,
,5.0,87,0.42411768436431885,,0.0482943058013916,3599,,,,,,0.0020963866263628006,,0.5,,1.1201112270355225,,,,
,,87,,,,3599,0.002289749216288328,0.3588889241218567,0.27723434567451477,1.3660542964935303,,,,,,,0.006468757521361113,0.6399999856948853,0.18168410658836365,0.8201988935470581
5.0,,87,,0.05481516569852829,,3607,,,,,0.006982699036598206,,0.478658527135849,,1.1210230588912964,,,,,
5.0,,88,,0.05085226520895958,,3648,,,,,0.014409646391868591,,0.49288618564605713,,1.0865925550460815,,,,,
,5.0,89,0.41040894389152527,,0.05268273502588272,3649,,,,,,0.0014904893469065428,,0.4166666567325592,,0.9612216949462891,,,,
,,89,,,,3649,0.005410675425082445,0.34555551409721375,0.305094450712204,1.396376132965088,,,,,,,0.0030852907802909613,0.675000011920929,0.20810340344905853,0.8184259533882141
5.0,,89,,0.052112895995378494,,3689,,,,,0.0037647385615855455,,0.48475611209869385,,1.1096552610397339,,,,,
,5.0,90,0.3967694342136383,,0.045787595212459564,3699,,,,,,0.08524788916110992,,0.4166666567325592,,1.1872493028640747,,,,
,,90,,,,3699,0.009533983655273914,0.3330555260181427,0.32635441422462463,1.4601624011993408,,,,,,,0.008679700084030628,0.6050000190734863,0.2115582972764969,0.8267562389373779
5.0,,90,,0.055035267025232315,,3730,,,,,0.007182133384048939,,0.5101625919342041,,1.1083959341049194,,,,,
,5.0,91,0.3832097351551056,,0.05055326223373413,3749,,,,,,0.0004854731378145516,,0.5833333134651184,,0.9851964712142944,,,,
,,91,,,,3749,0.0021308427676558495,0.4005555808544159,0.1831916868686676,1.3122265338897705,,,,,,,0.002605617279186845,0.6549999713897705,0.22460705041885376,0.817101240158081
5.0,,91,,0.055953897535800934,,3771,,,,,0.009204934351146221,,0.49288618564605713,,1.1096912622451782,,,,,
,5.0,92,0.3697402775287628,,0.0625077486038208,3799,,,,,,0.000783578201662749,,0.4583333432674408,,1.1035950183868408,,,,
,,92,,,,3799,0.002557375468313694,0.37527772784233093,0.1992926448583603,1.323290467262268,,,,,,,0.0044747572392225266,0.6850000023841858,0.19700440764427185,0.7905327677726746
5.0,,92,,0.05292585492134094,,3812,,,,,0.004470109939575195,,0.5101625919342041,,1.0984009504318237,,,,,
,5.0,93,0.35637152194976807,,0.053049683570861816,3849,,,,,,0.0009230933501385152,,0.4583333432674408,,0.9243572950363159,,,,
,,93,,,,3849,0.006730576511472464,0.36166664958000183,0.25995567440986633,1.3524104356765747,,,,,,,0.01798386126756668,0.6549999713897705,0.1936628371477127,0.7408190369606018
5.0,,93,,0.05691743269562721,,3853,,,,,0.005607640370726585,,0.5111788511276245,,1.0559523105621338,,,,,
5.0,,94,,0.05771181359887123,,3894,,,,,0.004477369133383036,,0.4776422679424286,,1.1239067316055298,,,,,
,5.0,95,0.3431137502193451,,0.043291058391332626,3899,,,,,,0.00012564859935082495,,0.4583333432674408,,1.0886753797531128,,,,
,,95,,,,3899,0.003094110172241926,0.35249999165534973,0.283453106880188,1.3917080163955688,,,,,,,0.0015197020256891847,0.6349999904632568,0.1824217289686203,0.7913981080055237
5.0,,95,,0.05822780728340149,,3935,,,,,0.0045752134174108505,,0.542682945728302,,1.0343104600906372,,,,,
,5.0,96,0.32997724413871765,,0.04620203375816345,3949,,,,,,0.014078693464398384,,0.5416666865348816,,1.111546277999878,,,,
,,96,,,,3949,0.00798273365944624,0.3497222065925598,0.3034268319606781,1.3925985097885132,,,,,,,0.008243104442954063,0.6650000214576721,0.18377229571342468,0.7339503765106201
5.0,,96,,0.05994867533445358,,3976,,,,,0.008409827947616577,,0.5558943152427673,,1.022704005241394,,,,,
,5.0,97,0.31697216629981995,,0.07244952768087387,3999,,,,,,0.006664063781499863,,0.5833333134651184,,0.9285755157470703,,,,
,,97,,,,3999,0.006277823820710182,0.3608333170413971,0.33019354939460754,1.4152315855026245,,,,,,,0.007865247316658497,0.6150000095367432,0.19406776130199432,0.7923809289932251
5.0,,97,,0.05960813909769058,,4017,,,,,0.006621174048632383,,0.4979674816131592,,1.0896865129470825,,,,,
,5.0,98,0.30410850048065186,,0.05911965295672417,4049,,,,,,0.0008718095486983657,,0.375,,1.1788427829742432,,,,
,,98,,,,4049,0.006740258540958166,0.3638888895511627,0.3226134479045868,1.4540724754333496,,,,,,,0.003271890338510275,0.5950000286102295,0.19540195167064667,0.8251190781593323
5.0,,98,,0.061347782611846924,,4058,,,,,0.004971945192664862,,0.5243902206420898,,1.0563892126083374,,,,,
,5.0,99,0.29139629006385803,,0.05611472949385643,4099,,,,,,0.0006984987994655967,,0.4166666567325592,,1.058388352394104,,,,
,,99,,,,4099,0.00594277074560523,0.3519444763660431,0.2912761867046356,1.3356519937515259,,,,,,,0.009543459862470627,0.6499999761581421,0.19631856679916382,0.7789009809494019
5.0,,99,,0.06345700472593307,,4099,,,,,0.0073429592885077,,0.5040650367736816,,1.0656524896621704,,,,,
5.0,,100,,0.06108538433909416,,4140,,,,,0.004286763723939657,,0.5142276287078857,,1.034731149673462,,,,,
,5.0,101,0.27884528040885925,,0.0617392361164093,4149,,,,,,0.015034990385174751,,0.4583333432674408,,1.0384007692337036,,,,
,,101,,,,4149,0.026688937097787857,0.33500000834465027,0.39134305715560913,1.5282721519470215,,,,,,,0.04184410721063614,0.6449999809265137,0.20895949006080627,0.7450471520423889
5.0,,101,,0.06311401724815369,,4181,,,,,0.008854889310896397,,0.5447154641151428,,1.0285329818725586,,,,,
,5.0,102,0.2664651870727539,,0.06416557729244232,4199,,,,,,8.970088674686849e-05,,0.5,,1.002497673034668,,,,
,,102,,,,4199,0.005112149752676487,0.35527774691581726,0.3191831707954407,1.3910661935806274,,,,,,,0.010088890790939331,0.6600000262260437,0.22818444669246674,0.7487719655036926
5.0,,102,,0.06424074620008469,,4222,,,,,0.012804591096937656,,0.5091463327407837,,1.0369524955749512,,,,,
,5.0,103,0.25426560640335083,,0.06361225247383118,4249,,,,,,0.11347504705190659,,0.5,,0.9557468891143799,,,,
,,103,,,,4249,0.03608950227499008,0.34333336353302,0.38786137104034424,1.5402370691299438,,,,,,,0.04973427206277847,0.6200000047683716,0.20444050431251526,0.7875125408172607
5.0,,103,,0.06393775343894958,,4263,,,,,0.01694364659488201,,0.5091463327407837,,1.0420552492141724,,,,,
,5.0,104,0.24225592613220215,,0.05518718808889389,4299,,,,,,0.003208877518773079,,0.625,,1.0172903537750244,,,,
,,104,,,,4299,0.038925059139728546,0.3338888883590698,0.28381791710853577,1.3724836111068726,,,,,,,0.035778339952230453,0.6650000214576721,0.19784840941429138,0.7055107951164246
5.0,,104,,0.06071176007390022,,4304,,,,,0.01280965656042099,,0.5152438879013062,,1.0477253198623657,,,,,
5.0,,105,,0.0599634163081646,,4345,,,,,0.0024182216729968786,,0.5304877758026123,,1.0328426361083984,,,,,
,5.0,106,0.2304454743862152,,0.053639959543943405,4349,,,,,,0.01667047291994095,,0.5833333134651184,,0.9960125088691711,,,,
,,106,,,,4349,0.05989088863134384,0.3308333456516266,0.3278985917568207,1.4413726329803467,,,,,,,0.05242561176419258,0.6399999856948853,0.2230699360370636,0.7367497086524963
5.0,,106,,0.05902567878365517,,4386,,,,,0.011799748986959457,,0.5203251838684082,,1.0241317749023438,,,,,
,5.0,107,0.21884335577487946,,0.05163436383008957,4399,,,,,,0.0037590782158076763,,0.5,,1.061530351638794,,,,
,,107,,,,4399,0.038141392171382904,0.3544444441795349,0.41386207938194275,1.5958548784255981,,,,,,,0.02866419591009617,0.5849999785423279,0.28410351276397705,0.8589813113212585
5.0,,107,,0.05619830638170242,,4427,,,,,0.011045973747968674,,0.5162601470947266,,1.0657892227172852,,,,,
,5.0,108,0.2074585258960724,,0.06079891324043274,4449,,,,,,0.0006810358609072864,,0.4583333432674408,,1.2843928337097168,,,,
,,108,,,,4449,0.020737269893288612,0.34138888120651245,0.2790125608444214,1.3652387857437134,,,,,,,0.032943952828645706,0.7049999833106995,0.2058747410774231,0.6808524131774902
5.0,,108,,0.059651218354701996,,4468,,,,,0.014943789690732956,,0.5254064798355103,,1.0190733671188354,,,,,
,5.0,109,0.19629980623722076,,0.05891522392630577,4499,,,,,,0.0009043524041771889,,0.4166666567325592,,1.0764564275741577,,,,
,,109,,,,4499,0.004596376791596413,0.3175000250339508,0.30135637521743774,1.4047304391860962,,,,,,,0.013617821037769318,0.6449999809265137,0.2381758838891983,0.7591800093650818
5.0,,109,,0.05986272916197777,,4509,,,,,0.021089565008878708,,0.547764241695404,,1.0214730501174927,,,,,
,5.0,110,0.18537580966949463,,0.07123090326786041,4549,,,,,,0.0006105921929702163,,0.5,,1.0350909233093262,,,,
,,110,,,,4549,0.0010635250946506858,0.35583338141441345,0.34569746255874634,1.4198663234710693,,,,,,,0.0022130212746560574,0.6299999952316284,0.23637905716896057,0.7638936638832092
5.0,,110,,0.06240040063858032,,4550,,,,,0.023844437673687935,,0.5396341681480408,,1.0604850053787231,,,,,
5.0,,111,,0.06462213397026062,,4591,,,,,0.0050827134400606155,,0.5315040946006775,,1.0192798376083374,,,,,
,5.0,112,0.1746949851512909,,0.0623554103076458,4599,,,,,,0.08103998750448227,,0.5833333134651184,,0.8996098041534424,,,,
,,112,,,,4599,0.018908556550741196,0.3883333206176758,0.2296789586544037,1.3501664400100708,,,,,,,0.03426358848810196,0.7200000286102295,0.18546028435230255,0.664294421672821
5.0,,112,,0.05976065993309021,,4632,,,,,0.010752731934189796,,0.5467479825019836,,1.0162670612335205,,,,,
,5.0,113,0.16426558792591095,,0.062264032661914825,4649,,,,,,0.0018293976318091154,,0.5,,0.8692597150802612,,,,
,,113,,,,4649,0.01631143130362034,0.37805554270744324,0.25153848528862,1.3418937921524048,,,,,,,0.023758539929986,0.6850000023841858,0.19933585822582245,0.6780540347099304
5.0,,113,,0.058661121875047684,,4673,,,,,0.00736200250685215,,0.5528455376625061,,1.0054293870925903,,,,,
,5.0,114,0.15409566462039948,,0.0654476210474968,4699,,,,,,0.0001664095325395465,,0.4583333432674408,,1.0824761390686035,,,,
,,114,,,,4699,0.015161854214966297,0.363611102104187,0.3295825123786926,1.4162671566009521,,,,,,,0.012555498629808426,0.6700000166893005,0.21295255422592163,0.6932583451271057
5.0,,114,,0.059925612062215805,,4714,,,,,0.014194473624229431,,0.5558943152427673,,1.004574179649353,,,,,
,5.0,115,0.14419309794902802,,0.05569110065698624,4749,,,,,,0.048779185861349106,,0.375,,0.9613450765609741,,,,
,,115,,,,4749,0.028292110189795494,0.36638888716697693,0.31434327363967896,1.4414619207382202,,,,,,,0.020168764516711235,0.6949999928474426,0.17304053902626038,0.6717422008514404
5.0,,115,,0.060084398835897446,,4755,,,,,0.020078696310520172,,0.5528455376625061,,0.9516887068748474,,,,,
5.0,,116,,0.06289340555667877,,4796,,,,,0.010571960359811783,,0.522357702255249,,1.0136417150497437,,,,,
,5.0,117,0.13456551730632782,,0.07537228614091873,4799,,,,,,0.00011902744881808758,,0.5833333134651184,,0.9425710439682007,,,,
,,117,,,,4799,0.020502988249063492,0.3544445037841797,0.29686689376831055,1.391270399093628,,,,,,,0.013975957408547401,0.6800000071525574,0.19694051146507263,0.6528541445732117
5.0,,117,,0.06267253309488297,,4837,,,,,0.016043564304709435,,0.5782520174980164,,0.9726166725158691,,,,,
,5.0,118,0.1252203732728958,,0.07597851753234863,4849,,,,,,0.004399518482387066,,0.5833333134651184,,1.045444130897522,,,,
,,118,,,,4849,0.02676415629684925,0.3838889002799988,0.3083859384059906,1.4574748277664185,,,,,,,0.024319404736161232,0.7400000095367432,0.1933506578207016,0.6425169110298157
5.0,,118,,0.06194508448243141,,4878,,,,,0.031172825023531914,,0.5467479825019836,,1.0093542337417603,,,,,
,5.0,119,0.11616490036249161,,0.07298029214143753,4899,,,,,,0.00041783505002968013,,0.5833333134651184,,0.9537994861602783,,,,
,,119,,,,4899,0.009417162276804447,0.34611108899116516,0.3178230822086334,1.3941954374313354,,,,,,,0.01957780122756958,0.6800000071525574,0.21414786577224731,0.6924485564231873
5.0,,119,,0.060153014957904816,,4919,,,,,0.00638725608587265,,0.5376016497612,,1.023275375366211,,,,,
,5.0,120,0.10740608721971512,,0.07413989305496216,4949,,,,,,0.004655640572309494,,0.5416666865348816,,0.9749537706375122,,,,
,,120,,,,4949,0.014483087696135044,0.35249996185302734,0.2726200222969055,1.3833798170089722,,,,,,,0.028556594625115395,0.7400000095367432,0.23721235990524292,0.6441901922225952
5.0,,120,,0.0605810172855854,,4960,,,,,0.0074245864525437355,,0.5528455376625061,,0.9998152852058411,,,,,
,5.0,121,0.09895069897174835,,0.07296095788478851,4999,,,,,,0.002375183627009392,,0.5,,1.1492773294448853,,,,
,,121,,,,4999,0.022190270945429802,0.36722221970558167,0.3526102900505066,1.504280686378479,,,,,,,0.01668316125869751,0.7099999785423279,0.21611616015434265,0.64410799741745
5.0,,121,,0.05968600884079933,,5001,,,,,0.019239844754338264,,0.5528455376625061,,1.0026147365570068,,,,,
5.0,,122,,0.06465435773134232,,5042,,,,,0.00667279539629817,,0.565040647983551,,1.0041208267211914,,,,,
,5.0,123,0.09080527722835541,,0.07277439534664154,5049,,,,,,0.0005269510438665748,,0.4166666567325592,,1.4729950428009033,,,,
,,123,,,,5049,0.025251593440771103,0.36000001430511475,0.34008848667144775,1.480404019355774,,,,,,,0.01181548461318016,0.6899999976158142,0.22932679951190948,0.6542254090309143
5.0,,123,,0.06080168858170509,,5083,,,,,0.008681198582053185,,0.5538617968559265,,0.9887523651123047,,,,,
,5.0,124,0.08297611773014069,,0.05894726514816284,5099,,,,,,0.00032815284794196486,,0.5416666865348816,,0.9279447197914124,,,,
,,124,,,,5099,0.04158998280763626,0.3683333098888397,0.3684125244617462,1.5357731580734253,,,,,,,0.04699290916323662,0.699999988079071,0.2244379073381424,0.6267106533050537
5.0,,124,,0.06251345574855804,,5124,,,,,0.017877794802188873,,0.5548780560493469,,0.9697842597961426,,,,,
,5.0,125,0.07546927034854889,,0.06197022646665573,5149,,,,,,0.009515726938843727,,0.5416666865348816,,1.097132921218872,,,,
,,125,,,,5149,0.025515777990221977,0.3727777898311615,0.37545156478881836,1.5645062923431396,,,,,,,0.034380197525024414,0.6800000071525574,0.22321249544620514,0.6838188767433167
5.0,,125,,0.06135903671383858,,5165,,,,,0.03414369001984596,,0.5701219439506531,,0.9813936352729797,,,,,
,5.0,126,0.06829053908586502,,0.07991036027669907,5199,,,,,,0.003934049047529697,,0.75,,0.8050765991210938,,,,
,,126,,,,5199,0.02015342004597187,0.3522222638130188,0.3467688262462616,1.4759845733642578,,,,,,,0.02513313479721546,0.7099999785423279,0.19755567610263824,0.6362144947052002
5.0,,126,,0.062131524085998535,,5206,,,,,0.007524106185883284,,0.5579268336296082,,0.9700888991355896,,,,,
5.0,,127,,0.06354235112667084,,5247,,,,,0.021228380501270294,,0.5416666865348816,,1.0041189193725586,,,,,
,5.0,128,0.061445463448762894,,0.0677574872970581,5249,,,,,,0.00039542297599837184,,0.5,,1.1581997871398926,,,,
,,128,,,,5249,0.03230341896414757,0.3727777898311615,0.3606911897659302,1.5101944208145142,,,,,,,0.058119453489780426,0.6899999976158142,0.23020905256271362,0.657066285610199
5.0,,128,,0.05909409746527672,,5288,,,,,0.01124942023307085,,0.5731707215309143,,0.9704900979995728,,,,,
,5.0,129,0.05493934080004692,,0.04749734327197075,5299,,,,,,0.2689586877822876,,0.5833333134651184,,0.9582981467247009,,,,
,,129,,,,5299,0.045213717967271805,0.3769444525241852,0.32479920983314514,1.4534469842910767,,,,,,,0.0759183019399643,0.7200000286102295,0.19776257872581482,0.6122806668281555
5.0,,129,,0.06077469512820244,,5329,,,,,0.02365308813750744,,0.5325203537940979,,0.9824051260948181,,,,,
,5.0,130,0.048777200281620026,,0.058039434254169464,5349,,,,,,0.0007332467357628047,,0.625,,1.0138694047927856,,,,
,,130,,,,5349,0.045518551021814346,0.3461110293865204,0.33598145842552185,1.481705904006958,,,,,,,0.08713557571172714,0.7099999785423279,0.20412670075893402,0.6102720499038696
5.0,,130,,0.06051396206021309,,5370,,,,,0.02007521688938141,,0.5508130192756653,,0.9970619678497314,,,,,
,5.0,131,0.04296380281448364,,0.06381817162036896,5399,,,,,,0.00028734488296322525,,0.5,,1.0145102739334106,,,,
,,131,,,,5399,0.018046053126454353,0.3608332872390747,0.3352837562561035,1.4546054601669312,,,,,,,0.027809014543890953,0.7250000238418579,0.22626620531082153,0.6324632167816162
5.0,,131,,0.05915578827261925,,5411,,,,,0.013455003499984741,,0.5569105744361877,,0.9799107909202576,,,,,
,5.0,132,0.03750364109873772,,0.07672300934791565,5449,,,,,,0.007610892876982689,,0.75,,0.9478427171707153,,,,
,,132,,,,5449,0.02042360045015812,0.3838888704776764,0.3631064295768738,1.5097923278808594,,,,,,,0.02170538157224655,0.7400000095367432,0.2056199610233307,0.6436703205108643
5.0,,132,,0.06046833097934723,,5452,,,,,0.013715253211557865,,0.5701219439506531,,0.9640321731567383,,,,,
5.0,,133,,0.06340134888887405,,5493,,,,,0.01320336852222681,,0.5528455376625061,,0.9782406687736511,,,,,
,5.0,134,0.032400935888290405,,0.058593228459358215,5499,,,,,,0.0802573561668396,,0.625,,1.3264834880828857,,,,
,,134,,,,5499,0.02669861912727356,0.363611102104187,0.3675658106803894,1.5350252389907837,,,,,,,0.0378132089972496,0.7250000238418579,0.21351230144500732,0.622689962387085
5.0,,134,,0.06289835274219513,,5534,,,,,0.02372598648071289,,0.5660569071769714,,0.9738001227378845,,,,,
,5.0,135,0.02765963412821293,,0.07571108639240265,5549,,,,,,0.08084716647863388,,0.5,,1.1294318437576294,,,,
,,135,,,,5549,0.027555473148822784,0.36722221970558167,0.34589460492134094,1.5136312246322632,,,,,,,0.04314257204532623,0.7400000095367432,0.19902506470680237,0.6041141748428345
5.0,,135,,0.06106552854180336,,5575,,,,,0.016064591705799103,,0.5680894255638123,,0.9708014726638794,,,,,
,5.0,136,0.023283394053578377,,0.059824369847774506,5599,,,,,,0.0029337871819734573,,0.5416666865348816,,0.9803527593612671,,,,
,,136,,,,5599,0.0301260557025671,0.3563888669013977,0.34433990716934204,1.517112374305725,,,,,,,0.04569549113512039,0.75,0.21803221106529236,0.6026944518089294
5.0,,136,,0.06179925054311752,,5616,,,,,0.016062529757618904,,0.5579268336296082,,0.9818928837776184,,,,,
,5.0,137,0.01927560195326805,,0.06708016246557236,5649,,,,,,0.00019481380877550691,,0.4166666567325592,,1.19159734249115,,,,
,,137,,,,5649,0.028342681005597115,0.37138885259628296,0.3668789863586426,1.5549808740615845,,,,,,,0.04635492339730263,0.7400000095367432,0.22078806161880493,0.6177221536636353
5.0,,137,,0.05880800634622574,,5657,,,,,0.01735198311507702,,0.565040647983551,,0.9745018482208252,,,,,
5.0,,138,,0.06279312074184418,,5698,,,,,0.010224203579127789,,0.5558943152427673,,0.952009379863739,,,,,
,5.0,139,0.015639353543519974,,0.06375965476036072,5699,,,,,,0.15474620461463928,,0.5,,1.14918851852417,,,,
,,139,,,,5699,0.04430963099002838,0.35527774691581726,0.34906548261642456,1.5270578861236572,,,,,,,0.08562809228897095,0.7350000143051147,0.1947757750749588,0.5932379364967346
5.0,,139,,0.06406065821647644,,5739,,,,,0.03076806478202343,,0.5569105744361877,,0.9865966439247131,,,,,
,5.0,140,0.012377461418509483,,0.06755052506923676,5749,,,,,,0.0709242969751358,,0.7083333134651184,,0.9338076114654541,,,,
,,140,,,,5749,0.03657820075750351,0.36444443464279175,0.3504195809364319,1.5229872465133667,,,,,,,0.0634048730134964,0.7400000095367432,0.18833371996879578,0.5994869470596313
5.0,,140,,0.0610445961356163,,5780,,,,,0.024111229926347733,,0.5873983502388,,0.930424690246582,,,,,
,5.0,141,0.00949244573712349,,0.07092924416065216,5799,,,,,,0.001301113050431013,,0.4583333432674408,,1.1720900535583496,,,,
,,141,,,,5799,0.04345406964421272,0.36861106753349304,0.3478620648384094,1.5379064083099365,,,,,,,0.07485924661159515,0.7549999952316284,0.2095993459224701,0.5961366295814514
5.0,,141,,0.06248987838625908,,5821,,,,,0.027860555797815323,,0.5508130192756653,,0.964544951915741,,,,,
,5.0,142,0.006986535154283047,,0.06669168919324875,5849,,,,,,0.0009295428171753883,,0.5,,1.0872132778167725,,,,
,,142,,,,5849,0.04270714893937111,0.3636111319065094,0.3481382727622986,1.5040427446365356,,,,,,,0.06937703490257263,0.7400000095367432,0.2075924277305603,0.5923032164573669
5.0,,142,,0.06199279800057411,,5862,,,,,0.03318639472126961,,0.5528455376625061,,0.9782590866088867,,,,,
,5.0,143,0.004861667286604643,,0.04934123158454895,5899,,,,,,0.05448388680815697,,0.8333333134651184,,0.6358852386474609,,,,
,,143,,,,5899,0.03249786049127579,0.3686111271381378,0.3554990887641907,1.5190119743347168,,,,,,,0.05424458906054497,0.7300000190734863,0.1995382457971573,0.6023228168487549
5.0,,143,,0.060431476682424545,,5903,,,,,0.01386354397982359,,0.6067073345184326,,0.9306883811950684,,,,,
5.0,,144,,0.060509756207466125,,5944,,,,,0.030781634151935577,,0.5782520174980164,,0.9563526511192322,,,,,
,5.0,145,0.003119484754279256,,0.04920436069369316,5949,,,,,,0.0006671291776001453,,0.5,,1.2215458154678345,,,,
,,145,,,,5949,0.03535572066903114,0.36444443464279175,0.3467154800891876,1.5209619998931885,,,,,,,0.06062867492437363,0.7350000143051147,0.20591796934604645,0.6001803874969482
5.0,,145,,0.06211442872881889,,5985,,,,,0.009860205464065075,,0.5701219439506531,,0.9611245393753052,,,,,
,5.0,146,0.0017613335512578487,,0.0686843991279602,5999,,,,,,0.0006254543550312519,,0.4583333432674408,,1.0731594562530518,,,,
,,146,,,,5999,0.03628930076956749,0.363055557012558,0.3452712297439575,1.5190504789352417,,,,,,,0.06120457500219345,0.7350000143051147,0.20136280357837677,0.5992111563682556
5.0,,146,,0.0591827929019928,,6026,,,,,0.027510471642017365,,0.5782520174980164,,0.969422459602356,,,,,
,5.0,147,0.0007882635691203177,,0.055270157754421234,6049,,,,,,0.06492786854505539,,0.5833333134651184,,0.8672276139259338,,,,
,,147,,,,6049,0.03572781756520271,0.363055557012558,0.34721481800079346,1.5185314416885376,,,,,,,0.06082169711589813,0.7300000190734863,0.1918322741985321,0.5994852185249329
5.0,,147,,0.06208545342087746,,6067,,,,,0.02662777528166771,,0.5752032399177551,,0.9554157257080078,,,,,
,5.0,148,0.00020102686539757997,,0.07011497020721436,6099,,,,,,0.00021438217663671821,,0.4583333432674408,,1.0929220914840698,,,,
,,148,,,,6099,0.03589881956577301,0.363055557012558,0.34820374846458435,1.5175111293792725,,,,,,,0.060913052409887314,0.7300000190734863,0.19181467592716217,0.5992363095283508
5.0,,148,,0.06113062798976898,,6108,,,,,0.015972765162587166,,0.5873983502388,,0.9426612257957458,,,,,
,5.0,149,7.729347828444588e-08,,0.06359708309173584,6149,,,,,,0.008173099718987942,,0.5416666865348816,,0.9652338624000549,,,,
,,149,,,,6149,0.03607778623700142,0.363055557012558,0.34643805027008057,1.5175076723098755,,,,,,,0.06122635304927826,0.7300000190734863,0.19171607494354248,0.5990936756134033
5.0,,149,,0.05893145129084587,,6149,,,,,0.019613007083535194,,0.5802845358848572,,0.9344570636749268,,,,,
