train_DIV_LOSS_epoch,train_loss_epoch,train_acc_epoch,LAMDA_epoch,perturb_distance_epoch,epoch,step,lr,train_DIV_LOSS_step,train_loss_step,train_acc_step,LAMDA_step,perturb_distance_step,val_DIV_LOSS,val_loss,val_acc,val_ece,test_DIV_LOSS,test_loss,test_acc,test_ece
4.567374229431152,2.875166416168213,0.057926829904317856,2.995211601257324,0.008594045415520668,0,40,,,,,,,,,,,,,,
,,,,,1,49,0.03920000046491623,0.17400816082954407,2.7692039012908936,0.0833333358168602,2.979891061782837,0.009499073028564453,,,,,,,,
,,,,,1,49,,,,,,,0.14398299157619476,2.786038875579834,0.06499999761581421,0.05869269371032715,0.15133188664913177,2.7901506423950195,0.06259511411190033,0.05392894521355629
0.11118015646934509,2.7975270748138428,0.058943089097738266,2.968689203262329,0.011015691794455051,1,81,,,,,,,,,,,,,,
,,,,,2,99,0.07919999957084656,0.05540072172880173,2.867074489593506,0.0416666679084301,2.9278674125671387,0.015500493347644806,,,,,,,,
,,,,,2,99,,,,,,,0.03766900673508644,2.761337995529175,0.08500000089406967,0.06562826037406921,0.04094357416033745,2.8024260997772217,0.06186261773109436,0.057093456387519836
0.04162895306944847,2.824916124343872,0.05284553021192551,2.9240989685058594,0.015272829681634903,2,122,,,,,,,,,,,,,,
,,,,,3,149,0.11919999867677689,0.01686159148812294,2.7885584831237793,0.2083333283662796,2.870137929916382,0.021318811923265457,,,,,,,,
,,,,,3,149,,,,,,,0.020487558096647263,2.832498550415039,0.07500000298023224,0.0575229674577713,0.022715255618095398,2.8191826343536377,0.06719311326742172,0.06368569284677505
0.026075435802340508,2.8240301609039307,0.057926829904317856,2.876744508743286,0.0206892229616642,3,163,,,,,,,,,,,,,,
,,,,,4,199,0.15919999778270721,0.021760951727628708,3.0917394161224365,0.0,2.829822540283203,0.027438178658485413,,,,,,,,
,,,,,4,199,,,,,,,0.012374878861010075,2.8499276638031006,0.08500000089406967,0.09390807896852493,0.01380008552223444,2.9071578979492188,0.08030875772237778,0.0775967389345169
0.022326625883579254,2.8251774311065674,0.09654471278190613,2.840507745742798,0.025202590972185135,4,204,,,,,,,,,,,,,,
0.020653244107961655,2.8146328926086426,0.08943089097738266,2.8593502044677734,0.03087693452835083,5,245,,,,,,,,,,,,,,
,,,,,6,249,0.19920000433921814,0.06337936967611313,2.9956657886505127,0.0,2.904392957687378,0.030406571924686432,,,,,,,,
,,,,,6,249,,,,,,,0.037515558302402496,2.7651140689849854,0.11500000208616257,0.08343658596277237,0.04206956923007965,2.8560874462127686,0.08165150880813599,0.08202619105577469
0.41281887888908386,2.84147310256958,0.0833333358168602,2.923919916152954,0.026418009772896767,6,286,,,,,,,,,,,,,,
,,,,,7,299,0.23919999599456787,0.1738957017660141,2.7990329265594482,0.25,2.8692219257354736,0.017214324325323105,,,,,,,,
,,,,,7,299,,,,,,,0.19952704012393951,2.712141752243042,0.18000000715255737,0.09050142019987106,0.2257569432258606,2.7583916187286377,0.10213217884302139,0.05540497601032257
0.27915647625923157,2.6346018314361572,0.14024390280246735,2.854702949523926,0.021673889830708504,7,327,,,,,,,,,,,,,,
,,,,,8,349,0.2791999876499176,0.3064464330673218,2.0643651485443115,0.25,3.1273608207702637,0.03093237429857254,,,,,,,,
,,,,,8,349,,,,,,,0.24162174761295319,2.3158674240112305,0.11999999731779099,0.10379943251609802,0.23165583610534668,2.4038679599761963,0.1036783754825592,0.11631786823272705
0.16264444589614868,2.20780348777771,0.20426829159259796,3.146404504776001,0.03720233216881752,8,368,,,,,,,,,,,,,,
,,,,,9,399,0.3192000091075897,0.26787349581718445,1.6770422458648682,0.2916666567325592,5.0,0.06381160765886307,,,,,,,,
,,,,,9,399,,,,,,,0.19553694128990173,1.6407049894332886,0.3449999988079071,0.22093726694583893,0.24728305637836456,1.7213612794876099,0.2564290165901184,0.19051937758922577
0.1820313185453415,1.8034920692443848,0.271341472864151,4.8770751953125,0.054221946746110916,9,409,,,,,,,,,,,,,,
,,,,,10,449,0.35920000076293945,0.45843419432640076,2.418888807296753,0.125,5.0,0.033970266580581665,,,,,,,,
,,,,,10,449,,,,,,,0.34177300333976746,2.2352614402770996,0.13500000536441803,0.17931769788265228,0.372159868478775,2.2737016677856445,0.13747842609882355,0.1662408858537674
0.25442785024642944,2.0491628646850586,0.22052845358848572,4.999950408935547,0.06112801283597946,10,450,,,,,,,,,,,,,,
0.23031237721443176,2.1618025302886963,0.17479674518108368,4.999921798706055,0.04169124364852905,11,491,,,,,,,,,,,,,,
,,,,,12,499,0.3991999924182892,0.07348769903182983,2.005376100540161,0.2916666567325592,5.0,0.04937870427966118,,,,,,,,
,,,,,12,499,,,,,,,0.05505308508872986,1.7976094484329224,0.2549999952316284,0.2036161869764328,0.0630979984998703,1.8192968368530273,0.2749839723110199,0.15895910561084747
0.18126451969146729,2.544032573699951,0.1361788660287857,4.967342376708984,0.03196396678686142,12,532,,,,,,,,,,,,,,
,,,,,13,549,0.3990144729614258,0.14016687870025635,2.892608880996704,0.0,4.931787014007568,0.01621771790087223,,,,,,,,
,,,,,13,549,,,,,,,0.13464884459972382,2.820065498352051,0.07000000029802322,0.04823237285017967,0.1385461688041687,2.819411516189575,0.06401921063661575,0.047945111989974976
0.10572992265224457,2.85550594329834,0.058943089097738266,4.910200119018555,0.020271334797143936,13,573,,,,,,,,,,,,,,
,,,,,14,599,0.3959871828556061,0.036645498126745224,2.7789463996887207,0.0416666679084301,4.727035045623779,0.020986055955290794,,,,,,,,
,,,,,14,599,,,,,,,0.03160631284117699,2.77481746673584,0.07999999821186066,0.03746871277689934,0.03250416740775108,2.8009374141693115,0.06235085427761078,0.04570642113685608
0.07386669516563416,2.827690839767456,0.0630081295967102,4.7453460693359375,0.019201017916202545,14,614,,,,,,,,,,,,,,
,,,,,15,649,0.3909488022327423,0.0321924090385437,2.791973829269409,0.0833333358168602,4.497619152069092,0.021253366023302078,,,,,,,,
,,,,,15,649,,,,,,,0.025609049946069717,2.787541389465332,0.10000000149011612,0.046123482286930084,0.02615201659500599,2.809251546859741,0.06431766599416733,0.04980108514428139
0.03443477675318718,2.8226451873779297,0.06808943301439285,4.563098430633545,0.018551314249634743,15,655,,,,,,,,,,,,,,
0.029732510447502136,2.806332588195801,0.057926829904317856,4.386258125305176,0.019091803580522537,16,696,,,,,,,,,,,,,,
,,,,,17,699,0.3839510381221771,0.02611704170703888,2.7746756076812744,0.0416666679084301,4.287650108337402,0.017225857824087143,,,,,,,,
,,,,,17,699,,,,,,,0.03021843358874321,2.800396680831909,0.03999999910593033,0.0701361894607544,0.030081765726208687,2.7970588207244873,0.06315112859010696,0.05664538964629173
0.02390621416270733,2.797959327697754,0.05589430779218674,4.219459533691406,0.020484521985054016,17,737,,,,,,,,,,,,,,
,,,,,18,749,0.3750656843185425,0.03012336790561676,2.8631043434143066,0.0,4.114985942840576,0.01689816452562809,,,,,,,,
,,,,,18,749,,,,,,,0.02491968683898449,2.7433888912200928,0.10000000149011612,0.039264366030693054,0.02451501227915287,2.7871086597442627,0.06511779874563217,0.04949793219566345
0.025762217119336128,2.7862915992736816,0.07113821059465408,4.083311557769775,0.02128988318145275,18,778,,,,,,,,,,,,,,
,,,,,19,799,0.3643839359283447,0.04653158411383629,2.6205077171325684,0.125,4.052233695983887,0.02908390387892723,,,,,,,,
,,,,,19,799,,,,,,,0.09206058830022812,2.569572687149048,0.125,0.07053885608911514,0.09061136096715927,2.640101432800293,0.09498437494039536,0.07373315095901489
0.06406031548976898,2.617518424987793,0.08739837259054184,4.118788719177246,0.032561708241701126,19,819,,,,,,,,,,,,,,
,,,,,20,849,0.35201534628868103,0.01814529299736023,2.8390183448791504,0.0833333358168602,4.746049880981445,0.023374054580926895,,,,,,,,
,,,,,20,849,,,,,,,0.014251764863729477,2.8071672916412354,0.07999999821186066,0.047851596027612686,0.014751057140529156,2.7876718044281006,0.06831886619329453,0.04714527353644371
0.02351745218038559,2.8205618858337402,0.06402438879013062,4.740011215209961,0.029014097526669502,20,860,,,,,,,,,,,,,,
,,,,,21,899,0.33808690309524536,0.035686712712049484,2.329235076904297,0.0416666679084301,5.0,0.03142087161540985,,,,,,,,
,,,,,21,899,,,,,,,0.034529924392700195,2.415391445159912,0.11500000208616257,0.103912852704525,0.031063584610819817,2.4493205547332764,0.12354878336191177,0.12045096606016159
0.036087680608034134,2.5809617042541504,0.10873983800411224,4.789696216583252,0.03122898004949093,21,901,,,,,,,,,,,,,,
0.0616612434387207,2.352478504180908,0.13313008844852448,5.0,0.04641189053654671,22,942,,,,,,,,,,,,,,
,,,,,23,949,0.3227415084838867,0.07307453453540802,2.3474931716918945,0.1666666716337204,5.0,0.05981859564781189,,,,,,,,
,,,,,23,949,,,,,,,0.0809468924999237,2.228599786758423,0.17499999701976776,0.15544578433036804,0.06899671256542206,2.2728822231292725,0.15656182169914246,0.1278841346502304
0.04746723920106888,2.339782238006592,0.15243902802467346,5.0,0.05321132764220238,23,983,,,,,,,,,,,,,,
,,,,,24,999,0.3061366081237793,0.033913057297468185,2.2341041564941406,0.0833333358168602,5.0,0.040078308433294296,,,,,,,,
,,,,,24,999,,,,,,,0.030605366453528404,2.2089455127716064,0.1899999976158142,0.1012677252292633,0.03266037628054619,2.19142746925354,0.20567502081394196,0.12152308225631714
0.04763910546898842,2.1913387775421143,0.19410568475723267,5.0,0.05391548573970795,24,1024,,,,,,,,,,,,,,
,,,,,25,1049,0.28844258189201355,0.02902604639530182,1.984275460243225,0.2916666567325592,5.0,0.06914866715669632,,,,,,,,
,,,,,25,1049,,,,,,,0.03739182651042938,1.8310247659683228,0.3199999928474426,0.17887365818023682,0.04159470647573471,1.9306505918502808,0.26159676909446716,0.1441352665424347
0.04612036049365997,1.955268383026123,0.25,5.0,0.06666447967290878,25,1065,,,,,,,,,,,,,,
,,,,,26,1099,0.2698410451412201,0.04674270749092102,1.7087187767028809,0.25,5.0,0.09158103913068771,,,,,,,,
,,,,,26,1099,,,,,,,0.03573337569832802,1.5180903673171997,0.4399999976158142,0.2300489842891693,0.037709351629018784,1.6759486198425293,0.34733080863952637,0.19317416846752167
0.05981782078742981,1.7609584331512451,0.31808942556381226,5.0,0.07642820477485657,26,1106,,,,,,,,,,,,,,
0.0672982931137085,1.8488343954086304,0.288617879152298,5.0,0.08659125864505768,27,1147,,,,,,,,,,,,,,
,,,,,28,1149,0.25052282214164734,0.026687471196055412,1.9649200439453125,0.2916666567325592,5.0,0.08709830045700073,,,,,,,,
,,,,,28,1149,,,,,,,0.03192298486828804,1.6003400087356567,0.3149999976158142,0.17375534772872925,0.03160545974969864,1.7097052335739136,0.3171117305755615,0.17813090980052948
0.09768423438072205,1.7211908102035522,0.30589431524276733,5.0,0.08994416147470474,28,1188,,,,,,,,,,,,,,
,,,,,29,1199,0.23068618774414062,0.571773886680603,1.6263258457183838,0.3333333432674408,5.0,0.08362221717834473,,,,,,,,
,,,,,29,1199,,,,,,,0.110664501786232,1.5041548013687134,0.41999998688697815,0.1799333691596985,0.1814606636762619,1.6985663175582886,0.3175452649593353,0.19444666802883148
0.09526342153549194,1.5419323444366455,0.37093496322631836,5.0,0.0965845137834549,29,1229,,,,,,,,,,,,,,
,,,,,30,1249,0.21053466200828552,0.040215179324150085,1.202422857284546,0.6666666865348816,5.0,0.09332387149333954,,,,,,,,
,,,,,30,1249,,,,,,,0.07974710315465927,1.2453807592391968,0.574999988079071,0.23336538672447205,0.13560636341571808,1.4373122453689575,0.4353567361831665,0.20425547659397125
0.10604207962751389,1.4417698383331299,0.4176829159259796,5.0,0.08763154596090317,30,1270,,,,,,,,,,,,,,
,,,,,31,1299,0.19027502834796906,0.026375234127044678,1.341117024421692,0.4583333432674408,5.0,0.10116493701934814,,,,,,,,
,,,,,31,1299,,,,,,,0.02993329055607319,1.1569639444351196,0.4699999988079071,0.21768146753311157,0.04337553307414055,1.4046496152877808,0.4049208164215088,0.22141258418560028
0.06855962425470352,1.2612509727478027,0.47357723116874695,5.0,0.08657117933034897,31,1311,,,,,,,,,,,,,,
,,,,,32,1349,0.17011520266532898,0.08183342963457108,1.3267688751220703,0.4166666567325592,5.0,0.11127850413322449,,,,,,,,
,,,,,32,1349,,,,,,,0.12340350449085236,1.1155574321746826,0.5049999952316284,0.21998420357704163,0.16856282949447632,1.3247209787368774,0.42495349049568176,0.23045168817043304
0.13145042955875397,1.151390552520752,0.5264227390289307,5.0,0.09273698180913925,32,1352,,,,,,,,,,,,,,
0.16440464556217194,1.1544407606124878,0.505081295967102,5.0,0.09610602259635925,33,1393,,,,,,,,,,,,,,
,,,,,34,1399,0.1502620279788971,0.19107061624526978,1.132375717163086,0.5416666865348816,5.0,0.1009775847196579,,,,,,,,
,,,,,34,1399,,,,,,,0.10253988206386566,1.0181533098220825,0.5350000262260437,0.20418839156627655,0.15175428986549377,1.2471930980682373,0.46305373311042786,0.21495985984802246
0.12719935178756714,1.1174322366714478,0.5121951103210449,5.0,0.10313407331705093,34,1434,,,,,,,,,,,,,,
,,,,,35,1449,0.1309192180633545,0.17872612178325653,0.8558086156845093,0.75,5.0,0.13523201644420624,,,,,,,,
,,,,,35,1449,,,,,,,0.14916786551475525,0.886492908000946,0.6150000095367432,0.22817197442054749,0.17863380908966064,1.1384755373001099,0.5207384824752808,0.2178269624710083
0.1403835117816925,1.0227988958358765,0.5640243887901306,5.0,0.09377924352884293,35,1475,,,,,,,,,,,,,,
,,,,,36,1499,0.11228529363870621,0.21352486312389374,0.9292533993721008,0.6666666865348816,5.0,0.08450767397880554,,,,,,,,
,,,,,36,1499,,,,,,,0.08677370846271515,0.9043065905570984,0.6299999952316284,0.23567500710487366,0.11745235323905945,1.1531537771224976,0.5140649080276489,0.2071133702993393
0.1715402901172638,0.9849848747253418,0.5924796462059021,5.0,0.09660369157791138,36,1516,,,,,,,,,,,,,,
,,,,,37,1549,0.09455142915248871,0.021489551290869713,0.9604570269584656,0.625,5.0,0.08241654932498932,,,,,,,,
,,,,,37,1549,,,,,,,0.0840817242860794,0.843656063079834,0.6549999713897705,0.21908698976039886,0.13029958307743073,1.1020396947860718,0.5299344062805176,0.2027088850736618
0.13660834729671478,0.9560536742210388,0.5782520174980164,5.0,0.0997607409954071,37,1557,,,,,,,,,,,,,,
0.13853783905506134,0.8838884234428406,0.6524389982223511,5.0,0.0909968763589859,38,1598,,,,,,,,,,,,,,
,,,,,39,1599,0.07789961248636246,0.10270343720912933,0.7065862417221069,0.8333333134651184,5.0,0.08879095315933228,,,,,,,,
,,,,,39,1599,,,,,,,0.18864677846431732,0.8058944940567017,0.6700000166893005,0.21291093528270721,0.2239602655172348,1.0660377740859985,0.5364718437194824,0.21469028294086456
0.15175579488277435,0.8329339623451233,0.6808943152427673,5.0,0.09423433244228363,39,1639,,,,,,,,,,,,,,
,,,,,40,1649,0.06250070780515671,0.05186004564166069,0.8649508953094482,0.6666666865348816,5.0,0.08552812784910202,,,,,,,,
,,,,,40,1649,,,,,,,0.06494230031967163,0.7139641046524048,0.7649999856948853,0.2682090997695923,0.11381907016038895,1.0172547101974487,0.565130889415741,0.20486734807491302
0.083735890686512,0.7998690605163574,0.6951219439506531,5.0,0.09463696926832199,40,1680,,,,,,,,,,,,,,
,,,,,41,1699,0.04851273074746132,0.058725304901599884,0.7472996115684509,0.75,5.0,0.06881433725357056,,,,,,,,
,,,,,41,1699,,,,,,,0.11499019712209702,0.6911633014678955,0.7900000214576721,0.25662603974342346,0.15242572128772736,0.9949339032173157,0.5722929239273071,0.2093992680311203
0.10866808146238327,0.771324872970581,0.7235772609710693,5.0,0.09910793602466583,41,1721,,,,,,,,,,,,,,
,,,,,42,1749,0.03607922047376633,0.07165846973657608,0.7728012204170227,0.75,5.0,0.09986325353384018,,,,,,,,
,,,,,42,1749,,,,,,,0.07573346793651581,0.7072025537490845,0.7749999761581421,0.2394466996192932,0.17417611181735992,1.0282388925552368,0.5560849905014038,0.21335552632808685
0.14677231013774872,0.7529948949813843,0.7357723712921143,5.0,0.100059375166893,42,1762,,,,,,,,,,,,,,
,,,,,43,1799,0.025327760726213455,0.16939930617809296,0.7650417685508728,0.625,5.0,0.07930099219083786,,,,,,,,
,,,,,43,1799,,,,,,,0.12528908252716064,0.6494439840316772,0.7850000262260437,0.25702202320098877,0.18727882206439972,0.9654524922370911,0.5806478261947632,0.20273500680923462
0.13937120139598846,0.7190679311752319,0.7479674816131592,5.0,0.09428480267524719,43,1803,,,,,,,,,,,,,,
0.15740127861499786,0.7111762166023254,0.7418699264526367,5.0,0.10346710681915283,44,1844,,,,,,,,,,,,,,
,,,,,45,1849,0.016368674114346504,0.07217090576887131,0.6907024383544922,0.875,5.0,0.12727372348308563,,,,,,,,
,,,,,45,1849,,,,,,,0.1819949597120285,0.6362443566322327,0.8050000071525574,0.26041510701179504,0.24594233930110931,0.9730313420295715,0.5791555047035217,0.20697949826717377
0.16135911643505096,0.7023531198501587,0.7479674816131592,5.0,0.10399268567562103,45,1885,,,,,,,,,,,,,,
,,,,,46,1899,0.009293892420828342,0.17797794938087463,0.6322829127311707,0.75,5.0,0.10530351847410202,,,,,,,,
,,,,,46,1899,,,,,,,0.12560312449932098,0.625280499458313,0.8199999928474426,0.2518858313560486,0.20253920555114746,0.9699433445930481,0.5829266905784607,0.20551753044128418
0.13194037973880768,0.6789636015892029,0.7876016497612,5.0,0.10272439569234848,46,1926,,,,,,,,,,,,,,
,,,,,47,1949,0.004176013637334108,0.12313060462474823,0.5834794044494629,0.875,5.0,0.07165777683258057,,,,,,,,
,,,,,47,1949,,,,,,,0.14644919335842133,0.6299322247505188,0.8100000023841858,0.23577338457107544,0.21967937052249908,0.9711658954620361,0.5818683505058289,0.20568841695785522
0.14963507652282715,0.6814426779747009,0.7825203537940979,5.0,0.09965773671865463,47,1967,,,,,,,,,,,,,,
,,,,,48,1999,0.001067554228939116,0.2625177800655365,0.6926777362823486,0.8333333134651184,5.0,0.1435626745223999,,,,,,,,
,,,,,48,1999,,,,,,,0.14662319421768188,0.628409743309021,0.8149999976158142,0.26206278800964355,0.21566595137119293,0.9687071442604065,0.5840793251991272,0.20473559200763702
0.14162665605545044,0.6792811751365662,0.7682926654815674,5.0,0.10477767884731293,48,2008,,,,,,,,,,,,,,
,,,,,49,2049,4.1080545543081826e-07,0.21743707358837128,0.6672403812408447,0.7916666865348816,5.0,0.14065785706043243,,,,,,,,
,,,,,49,2049,,,,,,,0.14912132918834686,0.6275243163108826,0.8149999976158142,0.26174384355545044,0.21809624135494232,0.9682236313819885,0.584119975566864,0.2054300755262375
0.1488705277442932,0.6695287823677063,0.7754064798355103,5.0,0.10123927891254425,49,2049,,,,,,,,,,,,,,
